id,left_position,survey_finished,ccmu,catcap,anymc,medi,rural,nonpro,q1,q2,q3,q4,q5_1,q5_2,q5_3,q5_4,q5_5,q6_1,q6_2,q6_3,q6_4,q6_5,q6_6,q7,q8_1,q8_2,q8_3,q8_4,q8_5,q9_1,q9_2,q9_3,q9_4,q9_5,q10,q11,q12,q13,q14,q15_1,q15_2,q15_3,q15_4,q15_5,q15_6,q15_7,q16,q17,q18_1,q18_2,q18_3,q18_4,q18_5,q18_6,q18_7,q18_8,q18_9,q19_1,q19_2,q19_3,q19_4,q19_5,q19_6,q19_7,q19_8,q19_9,q19_10,q19_11,q19_12,q19_13,q19_14,q20_1,q20_2,q20_3,q20_4,q20_5,q20_6,q20_7,q20_8,q20_9,q20_10,q20_11,q20_12,q20_13,q20_14,q20_15,q21,q22_1,q22_2,q22_3,q22_4,q22_5,q22_6,q22_7,q22_8,q22_9,q22_10,q22_11,q22_12,q22_13,q22_14,q22_15,q22_16,q22_17,q22_18,q22_19,q22_20,q22_21,q22_22,q22_23,q23,q24,q25,q26_1,q26_2,q26_3,q26_4,q26_5,q26_6,q26_7,q26_8,q26_9,q26_10
r_rq1xvlocy1tsqjt,0,1,50r452,0,0,1,0,0,2,27,NA,2,1,1,1,1,1,1,1,1,1,1,NA,4,4,3,4,4,4,4,5,5,5,5,1,1,1,NA,2,1,0,1,0,0,0,NA,8,2,1,1,1,1,1,0,0,0,NA,5,4,5,5,5,5,5,5,4,5,5,5,5,5,5,5,5,5,5,5,5,5,5,5,1,5,5,1,1,1,1,NA,NA,1,NA,NA,NA,1,1,1,1,NA,1,NA,NA,NA,1,NA,NA,NA,NA,NA,NA,3,1,2,2,2,2,2,2,1,1,4,4,1
r_1ekrgktyfll6oys,1,1,70a315,1,0,0,0,0,2,62,NA,2,1,NA,1,NA,NA,NA,NA,NA,NA,NA,NA,3,4,3,3,4,4,3,4,5,5,5,2,11,1,3,5,NA,NA,NA,NA,NA,NA,NA,NA,5,1,1,1,1,1,0,1,1,1,3,3,3,5,2,5,5,2,3,4,2,5,4,2,2,2,2,4,1,2,3,1,1,1,3,1,1,5,5,0,0,0,0,0,0,0,0,0,0,0,0,0,0,0,0,0,0,0,0,0,0,0,0,3,1,3,5,5,5,4,5,3,4,3,2,5
r_3lbv5ehz3fyzy7s,0,1,50r474,1,1,0,0,0,2,23,NA,4,1,1,1,1,1,1,1,3,2,1,1,1,3,3,4,4,3,4,4,4,4,4,2,1,1,4,NA,0,1,0,0,1,0,0,5,4,1,1,1,1,1,NA,1,1,NA,4,4,4,4,4,4,4,4,4,4,4,4,4,4,4,4,4,4,4,4,3,4,4,4,2,3,4,2,2,1,1,NA,1,NA,NA,NA,NA,NA,NA,1,NA,NA,NA,NA,NA,NA,1,1,1,1,NA,1,NA,3,2,5,3,3,4,3,4,3,3,4,4,2
r_1h1ydt1jxy30ue4,0,1,50r378,2,0,1,0,0,1,36,NA,5,1,1,1,1,1,3,1,3,2,1,NA,4,5,5,5,5,5,5,5,5,5,5,2,3,2,4,NA,NA,1,1,1,1,NA,NA,10,5,1,1,1,1,1,NA,NA,1,1,3,5,5,5,4,5,5,4,5,4,5,5,5,5,5,5,5,5,4,5,5,5,5,4,1,1,1,1,1,0,0,0,0,0,0,0,0,0,0,0,0,0,0,0,0,0,0,0,0,0,0,0,0,5,3,5,5,5,4,4,3,3,2,5,2,5
r_3sbmjvtcsfb22e5,0,1,50r417,1,0,1,0,0,2,31,NA,4,0,0,0,0,0,NA,NA,NA,NA,NA,3,4,5,3,3,4,4,3,4,3,4,5,2,5.5,2,NA,1,0,0,0,0,0,0,1,16,4,1,1,1,1,1,0,1,0,1,5,5,5,5,5,5,5,5,5,5,5,5,5,5,5,5,5,5,5,5,5,5,5,5,1,5,1,1,1,1,1,NA,1,NA,NA,NA,NA,NA,1,1,NA,NA,NA,NA,NA,NA,NA,1,NA,NA,NA,NA,NA,4,1,3,4,4,4,5,4,5,3,4,4,4
r_30jhlul00mi7wwe,1,1,70a330,2,0,0,0,0,1,53,NA,2,NA,NA,NA,NA,NA,1,1,1,1,1,NA,3,3,3,3,3,3,2,2,4,4,3,2,2,2,4,NA,0,1,1,0,0,0,NA,11,3,1,1,1,1,1,0,0,0,1,2,4,3,3,3,2,3,2,4,3,2,4,3,2,3,3,3,4,2,2,2,3,3,2,4,4,4,4,4,1,NA,NA,NA,1,NA,1,1,NA,NA,NA,NA,NA,NA,1,NA,1,1,1,1,NA,NA,NA,NA,3,1,2,4,4,4,5,5,5,3,2,4,3
r_30jhlul00mi7wwe,1,1,70a330,2,0,0,0,0,1,53,NA,2,NA,NA,NA,NA,NA,1,1,1,1,1,NA,3,3,3,3,3,3,2,2,4,4,3,2,2,2,4,NA,0,1,1,0,0,0,NA,11,3,1,1,1,1,1,0,0,0,1,2,4,3,3,3,2,3,2,4,3,2,4,3,2,3,3,3,4,2,2,2,3,3,2,4,4,4,4,4,1,NA,NA,NA,1,NA,1,1,NA,NA,NA,NA,NA,NA,1,NA,1,1,1,1,NA,NA,NA,NA,3,1,2,4,4,4,5,5,5,3,2,4,3
r_1lzlfevapfk36su,0,1,70m213,2,0,1,0,0,1,51,NA,4,0,0,0,0,1,2,1,1,2,1,3,2,4,4,4,4,4,4,4,4,4,4,2,4,2,3,5,1,1,0,0,1,NA,1,22,4,1,0,1,1,1,NA,1,1,1,NA,NA,NA,NA,NA,NA,NA,NA,NA,NA,NA,NA,NA,NA,4,3,4,4,4,4,5,4,4,4,2,2,2,2,2,0,0,0,0,0,0,0,0,0,0,0,0,0,0,0,0,0,0,0,0,0,0,0,0,5,1,2,4,4,4,2,4,2,2,2,2,4
r_25ycjwchjzqbaju,1,1,70m085,3,0,1,1,0,2,32,NA,4,1,0,1,0,0,1,1,1,1,NA,3,3,3,3,3,3,2,2,2,4,4,5,2,2,2,3,1,0,0,0,0,0,0,0,15,5,1,1,1,1,1,0,1,0,0,5,4,5,5,5,4,4,5,5,4,5,4,4,5,4,5,5,5,5,4,4,5,3,5,2,3,2,1,1,0,0,0,0,0,0,0,0,0,0,0,0,0,0,0,0,0,0,0,0,0,0,0,0,2,1,1,4,5,5,4,4,4,4,4,4,4
r_2zi5fvjkay2weo0,1,1,5ma233,1,0,1,1,0,2,43,NA,2,1,1,0,1,1,3,1,1,1,NA,1,4,5,5,NA,5,5,5,5,5,5,5,1,3,1,4,NA,1,1,1,1,1,1,NA,NA,2,1,1,1,1,1,NA,1,1,1,5,2,5,5,5,5,5,5,2,5,5,5,5,5,5,5,5,5,5,NA,5,5,5,5,5,5,5,5,5,1,NA,NA,1,1,NA,1,1,NA,NA,NA,NA,1,NA,1,NA,NA,1,1,1,NA,NA,1,NA,4,4,4,3,3,3,3,3,3,3,3,3,3
r_2yobqs0lijj3brx,0,1,50r274,0,0,0,0,0,2,38,NA,1,0,0,0,0,1,1,1,1,1,1,1,3,5,5,5,5,5,5,5,5,5,5,2,3,1,4,NA,0,0,0,1,0,1,NA,NA,2,1,1,1,1,1,1,1,1,NA,5,1,5,5,5,5,5,5,5,5,5,5,5,5,4,4,4,4,4,4,4,4,3,4,1,4,1,1,1,0,0,0,0,0,0,0,0,0,0,0,0,0,0,0,0,0,0,0,0,0,0,0,0,5,3,5,4,4,4,1,3,3,1,1,1,1
r_o7lvcsag1hhr4xx,0,1,50m209,1,0,1,1,1,2,66,NA,3,0,0,0,0,0,1,1,1,1,1,NA,4,4,4,4,4,4,4,4,4,3,4,2,8,2,3,2,0,0,0,0,0,0,NA,21,3,0,0,1,1,1,0,0,0,0,2,4,3,3,3,3,4,3,4,3,2,4,NA,3,3,4,4,3,2,3,2,3,2,2,4,2,4,4,4,0,0,0,0,0,0,0,0,0,0,0,0,0,0,0,0,0,0,0,0,0,0,0,0,4,2,4,2,2,2,4,2,3,3,2,3,3
r_bpizlc0aafrpak1,0,1,50r336,1,1,1,0,0,2,29,NA,2,1,1,1,1,1,3,1,3,1,1,1,3,4,4,4,4,4,4,3,4,4,4,2,2,1,4,NA,0,1,0,1,0,0,0,13,3,1,1,1,1,1,0,1,1,0,5,2,4,5,5,5,5,3,2,3,4,5,4,3,4,3,4,2,4,5,5,3,2,4,3,4,4,2,2,0,0,0,0,0,0,0,0,0,0,0,0,0,0,0,0,0,0,0,0,0,0,0,0,3,1,2,2,5,3,4,3,4,4,5,4,5
r_4zstn57gbfhci8p,0,1,5ma249,0,1,1,1,0,2,38,NA,1,NA,NA,NA,NA,NA,NA,NA,NA,NA,NA,NA,2,4,3,4,4,4,3,2,4,4,4,2,1.5,2,NA,2,1,0,0,1,0,0,NA,20,3,1,1,1,1,1,0,1,1,0,4,2,5,5,5,5,4,4,2,4,4,5,5,4,4,3,4,4,4,4,4,3,3,3,2,4,3,2,2,1,NA,NA,NA,NA,1,NA,1,1,NA,1,NA,NA,NA,NA,NA,NA,NA,1,1,1,NA,NA,NA,2,1,4,4,4,4,4,4,4,4,4,2,4
r_2evfmned3jtpa38,1,1,70m231,2,0,1,1,0,1,33,NA,4,0,0,0,0,0,1,1,1,1,1,3,4,5,4,4,4,5,3,4,4,4,5,2,4,1,4,NA,0,1,NA,0,0,0,1,12,4,1,1,1,1,1,0,1,1,NA,5,4,4,4,4,4,4,4,4,4,4,4,4,4,4,4,4,4,4,4,4,4,4,4,4,4,3,3,3,0,0,0,0,0,0,0,0,0,0,0,0,0,0,0,0,0,0,0,0,0,0,0,0,5,5,5,3,3,3,4,3,3,3,3,3,3
r_1f8zemrpjdn08cv,1,1,50r275,1,1,1,1,0,1,30,NA,2,0,0,0,0,0,1,1,1,1,1,NA,3,4,3,4,3,4,4,1,3,4,3,2,2,2,NA,1,0,0,0,0,0,0,NA,10,2,1,1,1,1,1,0,1,1,0,4,2,3,3,4,3,4,3,2,4,4,4,3,3,4,2,2,3,4,4,4,2,3,4,3,4,4,4,4,1,NA,1,1,1,1,NA,NA,1,NA,1,NA,NA,NA,1,NA,NA,NA,NA,NA,NA,NA,NA,NA,4,1,2,5,5,4,5,5,4,4,4,3,3
r_1f8zemrpjdn08cv,1,1,50r275,1,1,1,1,0,1,30,NA,2,0,0,0,0,0,1,1,1,1,1,NA,3,4,3,4,3,4,4,1,3,4,3,2,2,2,NA,1,0,0,0,0,0,0,NA,10,2,1,1,1,1,1,0,1,1,0,4,2,3,3,4,3,4,3,2,4,4,4,3,3,4,2,2,3,4,4,4,2,3,4,3,4,4,4,4,1,NA,1,1,1,1,NA,NA,1,NA,1,NA,NA,NA,1,NA,NA,NA,NA,NA,NA,NA,NA,NA,4,1,2,5,5,4,5,5,4,4,4,3,3
r_12r6h6s4u4d3air,0,1,70m096,3,0,1,0,0,2,41,NA,5,1,1,1,1,1,3,1,1,1,2,NA,4,5,3,3,4,4,4,4,4,4,5,2,4,2,3,5,0,1,1,0,0,0,0,19,4,1,1,1,1,1,0,1,1,NA,5,5,5,5,5,5,5,5,5,5,5,5,5,5,5,5,5,5,5,5,5,5,4,4,1,4,4,2,2,0,0,0,0,0,0,0,0,0,0,0,0,0,0,0,0,0,0,0,0,0,0,0,0,3,2,2,3,4,2,4,4,2,4,5,3,3
r_3s1ct7bnok5lpu0,0,1,70a069,2,0,1,0,0,2,41,NA,1,0,0,0,0,0,1,1,1,1,1,1,3,5,5,5,5,5,5,5,5,5,5,2,8,1,4,NA,0,0,0,1,0,0,1,NA,4,NA,1,1,1,1,0,1,1,1,5,4,5,5,5,5,5,5,5,5,5,5,3,4,4,4,4,4,4,4,4,4,4,4,2,3,4,2,2,0,0,0,0,0,0,0,0,0,0,0,0,0,0,0,0,0,0,0,0,0,0,0,0,4,2,4,3,3,3,3,3,2,2,4,2,2
r_7wnovjv6i9ubnvf,0,1,70m038,2,0,1,1,0,4,NA,NA,4,1,1,1,1,0,1,1,1,2,1,NA,4,4,3,3,3,3,4,5,4,4,4,2,2,2,NA,5,0,0,0,0,0,0,NA,11,4,1,1,1,1,1,NA,1,1,1,4,3,4,4,4,5,5,4,4,4,4,5,5,4,4,3,3,4,4,3,3,4,3,4,2,3,3,2,2,0,0,0,0,0,0,0,0,0,0,0,0,0,0,0,0,0,0,0,0,0,0,0,0,4,5,5,3,3,3,3,3,3,3,3,3,3
r_sjj0dfknykxqsrl,1,1,5ma137,1,1,1,1,0,2,51,NA,4,1,1,1,1,1,1,1,1,1,1,NA,2,5,3,2,4,3,3,3,3,3,3,2,1,2,4,NA,0,1,0,0,0,0,1,8,2,1,NA,1,0,1,1,1,1,0,3,2,3,4,4,3,5,3,1,2,3,5,3,4,3,3,2,3,3,5,5,3,3,3,5,5,4,5,5,0,0,0,0,0,0,0,0,0,0,0,0,0,0,0,0,0,0,0,0,0,0,0,0,2,1,1,5,5,5,5,4,5,5,5,5,5
r_1dfu3pru0bg4jiq,0,1,70m039,3,0,1,1,0,2,37,NA,2,0,NA,NA,NA,NA,1,1,1,2,1,1,4,4,2,3,4,4,3,4,4,4,4,2,5,1,NA,1,0,0,0,1,0,0,0,NA,4,1,1,0,1,1,0,1,1,1,4,3,4,4,5,4,3,4,4,5,4,4,5,4,4,4,4,4,4,4,4,4,3,3,2,3,3,2,3,0,0,0,0,0,0,0,0,0,0,0,0,0,0,0,0,0,0,0,0,0,0,0,0,3,1,4,3,3,3,4,4,3,2,4,3,3
r_bzugtq7xj9x8lhz,0,1,50r466,1,1,0,0,0,4,24,NA,2,0,0,0,0,0,3,1,1,1,1,3,1,4,4,5,4,3,4,5,5,4,5,2,0.5,1,4,NA,0,0,0,0,0,0,1,6,3,1,1,1,1,1,NA,1,1,0,3,4,5,4,5,4,5,5,4,5,3,4,4,4,5,5,4,4,3,4,5,4,3,3,2,3,3,2,2,1,NA,NA,NA,NA,NA,NA,NA,NA,NA,NA,NA,NA,NA,NA,NA,NA,NA,NA,NA,NA,NA,NA,1,4,3,4,3,3,3,3,3,3,3,4,3,2
r_2ty8kmfvkuswwaw,1,1,70a335,3,0,0,0,0,2,36,NA,3,0,0,0,0,1,1,1,1,2,1,NA,4,5,5,5,5,5,5,4,4,4,3,2,0,2,3,2,0,1,0,0,0,0,NA,22,5,1,1,1,1,1,0,1,1,0,2,4,3,5,2,5,5,2,3,5,2,5,5,3,3,3,3,4,3,4,4,3,3,3,1,5,2,2,2,0,0,0,0,0,0,0,0,0,0,0,0,0,0,0,0,0,0,0,0,0,0,0,0,3,3,4,2,3,3,3,3,3,3,4,2,2
r_2ze50854td0mx5g,0,1,50r480,2,1,0,0,0,1,51,NA,4,1,1,1,0,1,1,1,1,2,2,NA,2,4,3,3,3,4,5,1,4,2,2,2,0,2,3,5,0,1,0,0,0,0,NA,14,4,1,1,1,1,1,0,0,1,0,2,2,2,4,2,4,1,1,4,2,2,5,5,2,2,2,2,2,2,2,2,2,1,2,4,3,3,3,4,0,0,0,0,0,0,0,0,0,0,0,0,0,0,0,0,0,0,0,0,0,0,0,0,5,1,2,2,2,2,3,1,2,1,3,2,4
r_12c2fyp1ly3i4jz,1,1,50r347,3,1,1,0,0,2,48,NA,2,NA,NA,NA,NA,NA,1,1,3,2,NA,NA,2,1,3,4,1,4,3,1,1,3,1,2,NA,2,NA,5,0,1,1,0,0,0,NA,28,4,0,0,1,1,1,NA,NA,NA,1,1,2,2,3,1,5,5,1,3,3,1,5,1,2,3,3,3,2,1,2,5,2,1,2,3,4,5,5,5,1,1,1,1,1,1,1,1,1,1,1,1,1,1,1,1,1,1,1,1,1,1,1,NA,3,1,5,5,5,5,5,5,2,2,4,2,2
r_eai18g7fxbbrnbb,1,1,70a261,2,0,1,0,0,2,34,NA,4,1,1,1,1,0,3,1,1,1,1,NA,4,3,2,3,2,3,3,2,4,4,4,2,4,2,NA,1,0,0,0,0,0,0,NA,5,3,1,1,1,1,1,NA,1,1,1,5,4,5,4,5,5,5,5,5,5,5,5,5,5,5,5,5,5,5,5,5,5,4,5,2,4,1,1,1,0,0,0,0,0,0,0,0,0,0,0,0,0,0,0,0,0,0,0,0,0,0,0,0,3,3,4,4,4,3,4,3,3,3,3,4,2
r_2w078p9odkuyiae,0,0,50r471,0,0,1,0,0,2,33,NA,3,0,0,0,0,0,1,1,1,2,1,3,3,3,2,2,2,3,2,1,3,3,4,1,2,2,4,NA,1,1,0,0,0,0,NA,5,3,1,1,1,1,0,0,0,0,0,5,4,2,4,4,4,2,2,3,4,4,4,2,3,4,4,4,4,4,3,5,3,3,4,3,3,4,3,3,1,1,1,1,1,NA,NA,1,1,1,1,1,1,1,1,1,1,NA,1,1,1,NA,1,NA,2,1,1,5,5,5,5,4,5,4,4,4,4
r_3pemmm1gpre1eos,0,1,50m227,0,1,1,1,0,2,46,NA,4,1,1,1,1,1,3,1,1,2,2,1,4,1,1,3,2,1,1,4,5,5,5,2,2,2,3,5,0,1,0,0,0,0,0,31,3,0,0,1,1,1,0,1,0,NA,5,5,5,5,5,5,5,5,5,5,5,5,5,5,5,5,5,5,5,5,5,5,5,5,1,5,5,1,1,0,0,0,0,0,0,0,0,0,0,0,0,0,0,0,0,0,0,0,0,0,0,0,0,2,2,2,2,2,2,4,2,2,2,3,4,4
r_3k6xvivorwfd9ay,1,1,50a263,2,1,1,0,0,1,38,NA,1,NA,NA,NA,NA,NA,1,1,1,1,1,1,4,4,2,2,3,2,3,5,5,3,5,2,1,2,3,5,0,0,0,0,0,0,0,5,4,1,1,1,1,1,NA,1,1,1,5,4,5,5,5,5,5,5,4,5,5,5,5,5,5,5,4,5,5,4,4,4,3,5,2,5,4,2,2,1,NA,1,1,1,NA,NA,NA,NA,NA,1,NA,NA,NA,NA,NA,NA,NA,NA,NA,NA,NA,NA,1,5,2,4,5,5,2,5,2,4,4,2,2,2
r_esrvaj60vcdio6l,0,1,50r412,0,1,1,2,0,2,55,NA,4,0,0,0,1,1,1,1,1,1,1,1,4,3,3,3,3,3,3,4,3,3,4,2,3.75,1,4,NA,1,0,0,1,0,0,1,11,3,0,0,0,1,0,0,0,0,1,5,4,5,5,5,5,5,4,4,5,5,5,5,4,5,4,5,5,5,5,5,5,5,5,2,4,2,2,1,1,1,1,NA,NA,NA,NA,NA,NA,1,1,NA,NA,1,1,NA,NA,NA,1,NA,NA,NA,NA,NA,4,4,5,3,3,4,4,3,3,2,3,3,3
r_2pjvuxc8cc7tzg6,0,1,50r482,1,1,0,0,0,1,43,NA,5,0,0,0,0,1,3,NA,NA,NA,NA,NA,1,4,3,4,4,4,4,4,4,4,5,2,1,1,NA,3,1,0,0,1,0,0,1,13,3,1,1,1,1,0,1,1,1,0,4,3,3,5,4,3,4,4,3,4,3,3,4,4,4,4,4,4,3,3,3,4,4,3,4,4,3,4,4,1,1,NA,NA,NA,1,NA,1,1,1,NA,1,NA,NA,NA,1,1,NA,NA,NA,NA,1,NA,NA,4,2,2,4,4,4,3,4,4,4,3,NA,NA
r_ukrcytowriw9bsp,0,1,70a343,3,0,0,0,0,2,50,NA,4,0,0,0,0,0,1,1,1,1,1,2,4,5,5,5,5,5,5,5,5,5,5,2,1,2,NA,5,0,0,0,0,1,0,1,20,5,1,1,1,1,1,0,1,1,0,5,5,5,5,5,5,5,5,5,5,5,5,5,5,5,5,5,5,5,5,5,5,5,5,1,3,1,3,3,0,0,0,0,0,0,0,0,0,0,0,0,0,0,0,0,0,0,0,0,0,0,0,0,5,1,4,4,4,4,2,3,2,2,2,2,2
r_2xah24mmpfhulwy,0,1,70m243,3,0,1,0,0,2,41,NA,3,1,1,0,0,0,1,1,1,1,1,3,1,5,5,5,5,5,4,4,4,4,5,2,2,2,NA,1,1,NA,NA,NA,NA,NA,NA,22,4,1,1,1,1,1,0,1,1,1,5,5,5,5,5,5,5,5,5,5,5,5,4,5,4,4,4,4,4,4,4,4,3,4,2,4,4,2,1,0,0,0,0,0,0,0,0,0,0,0,0,0,0,0,0,0,0,0,0,0,0,0,0,3,3,5,2,2,4,4,2,3,2,2,2,2
r_2c1xhvrw6hmigfl,1,0,70a260,2,0,1,0,0,2,38,NA,4,1,1,1,1,1,1,1,1,1,1,1,4,1,1,1,1,1,1,2,1,1,1,2,3,2,3,2,0,0,0,1,0,0,NA,NA,5,1,1,1,1,1,0,1,1,1,4,5,4,5,4,5,5,4,5,4,4,5,5,5,5,5,5,5,5,5,5,5,5,5,1,5,5,1,1,1,1,NA,NA,NA,NA,NA,NA,NA,NA,NA,NA,NA,NA,1,NA,NA,NA,NA,NA,NA,NA,NA,NA,3,1,3,4,4,5,4,5,2,2,3,2,4
r_3elpyryucdeqemn,0,1,70a281,2,0,1,0,0,1,37,NA,4,NA,NA,NA,NA,NA,1,1,1,1,1,3,4,4,4,4,4,4,2,4,5,5,5,2,0.75,2,NA,5,0,0,0,0,0,0,0,4,6,1,1,1,1,1,NA,1,1,1,4,3,4,4,5,5,5,5,4,5,4,5,3,5,5,5,5,5,5,5,5,4,2,4,3,4,3,1,1,0,0,0,0,0,0,0,0,0,0,0,0,0,0,0,0,0,0,0,0,0,0,0,0,3,1,4,4,4,3,4,4,4,2,5,5,2
r_26fd82ff1juzo5s,1,0,50a239,1,1,1,0,0,2,54,NA,3,0,0,0,0,0,NA,NA,2,NA,NA,NA,4,4,3,3,4,3,3,2,5,5,5,2,10,2,3,5,0,1,1,1,0,0,0,26,4,1,1,1,1,1,NA,1,1,0,4,5,4,5,5,5,4,5,5,5,4,4,3,4,5,5,5,5,4,5,5,5,5,4,3,5,3,1,3,1,1,1,1,1,1,1,NA,1,1,1,1,1,1,1,NA,1,NA,1,1,1,NA,1,NA,3,2,4,3,4,2,3,4,2,2,4,2,1
r_26fd82ff1juzo5s,1,0,50a239,1,1,1,0,0,2,54,NA,3,0,0,0,0,0,NA,NA,2,NA,NA,NA,4,4,3,3,4,3,3,2,5,5,5,2,10,2,3,5,0,1,1,1,0,0,0,26,4,1,1,1,1,1,NA,1,1,0,4,5,4,5,5,5,4,5,5,5,4,4,3,4,5,5,5,5,4,5,5,5,5,4,3,5,3,1,3,1,1,1,1,1,1,1,NA,1,1,1,1,1,1,1,NA,1,NA,1,1,1,NA,1,NA,3,2,4,3,4,2,3,4,2,2,4,2,1
r_26fd82ff1juzo5s,1,0,50a239,1,1,1,0,0,2,54,NA,3,0,0,0,0,0,NA,NA,2,NA,NA,NA,4,4,3,3,4,3,3,2,5,5,5,2,10,2,3,5,0,1,1,1,0,0,0,26,4,1,1,1,1,1,NA,1,1,0,4,5,4,5,5,5,4,5,5,5,4,4,3,4,5,5,5,5,4,5,5,5,5,4,3,5,3,1,3,1,1,1,1,1,1,1,NA,1,1,1,1,1,1,1,NA,1,NA,1,1,1,NA,1,NA,3,2,4,3,4,2,3,4,2,2,4,2,1
r_afl2fauj3zsuxcv,1,1,50r279,3,1,1,0,0,2,69,NA,2,0,0,1,0,0,1,1,1,1,1,1,4,5,3,3,4,4,2,2,4,5,4,2,1,2,3,2,0,0,0,0,0,0,0,NA,4,1,1,1,0,1,NA,1,1,1,4,4,4,5,4,5,4,4,4,4,4,5,3,4,4,4,4,4,4,4,4,4,4,4,2,4,4,3,3,1,1,1,1,1,NA,NA,1,1,1,1,1,1,1,1,1,1,1,1,1,1,1,1,NA,3,1,2,5,5,4,4,4,3,3,5,3,3
r_3nfooh3gkdshuie,1,1,70a201,2,0,1,1,0,2,41,NA,4,1,1,1,1,1,NA,NA,NA,NA,NA,3,4,5,4,4,4,4,5,3,3,3,3,2,0,2,NA,5,0,0,0,0,1,0,0,20,4,1,1,1,1,1,0,1,1,1,5,5,4,4,5,4,4,4,5,5,4,5,3,4,3,4,3,3,4,3,3,4,3,4,3,3,3,3,3,0,0,0,0,0,0,0,0,0,0,0,0,0,0,0,0,0,0,0,0,0,0,0,0,1,1,2,5,5,5,4,3,3,4,3,3,3
r_1lgcazsc8pnqfnq,0,1,70a299,3,0,1,0,0,2,52,NA,1,NA,NA,NA,NA,NA,3,NA,NA,NA,NA,NA,4,5,5,5,5,5,4,5,5,5,5,2,3,2,NA,2,0,0,0,0,1,0,NA,12,4,1,1,1,1,1,1,1,1,1,5,5,5,5,5,5,5,5,5,5,5,5,5,5,5,5,5,5,5,5,5,5,5,5,1,5,2,1,1,0,0,0,0,0,0,0,0,0,0,0,0,0,0,0,0,0,0,0,0,0,0,0,0,1,1,1,1,1,1,4,2,3,2,5,3,3
r_2qhqsn7x95erjat,0,1,70a075,1,0,1,1,0,1,44,NA,4,1,1,1,1,1,1,1,1,1,1,1,1,4,4,5,5,5,2,5,5,5,5,2,2,2,NA,2,1,1,1,1,0,1,1,25,3,1,1,1,1,1,1,1,1,1,5,4,5,5,5,5,5,5,5,5,5,5,5,5,5,5,5,5,5,5,5,5,5,5,1,3,1,1,1,1,NA,NA,NA,NA,NA,NA,1,NA,1,1,NA,NA,NA,NA,NA,NA,NA,NA,NA,NA,NA,NA,NA,4,4,4,2,3,4,4,2,1,1,4,4,1
r_bfoz4k5yg9br5jb,0,1,50r216,3,1,0,0,1,2,59,NA,4,0,0,0,0,1,NA,NA,NA,2,NA,NA,4,5,5,5,5,5,4,4,4,5,5,2,4,1,4,NA,0,1,0,0,1,0,NA,44,4,1,1,1,1,1,0,1,1,1,4,4,4,5,5,4,5,5,4,5,4,5,5,5,5,5,5,4,4,5,4,4,5,4,2,4,4,2,2,0,0,0,0,0,0,0,0,0,0,0,0,0,0,0,0,0,0,0,0,0,0,0,0,3,1,1,4,NA,4,4,4,4,5,4,4,5
r_2s5dycf6rh7sn63,0,1,50r310,2,1,1,0,0,1,45,NA,2,NA,NA,NA,NA,NA,NA,NA,NA,2,2,NA,4,5,3,2,4,4,4,3,4,4,3,2,8,1,4,NA,1,1,NA,NA,1,NA,NA,20,3,1,NA,1,0,1,0,0,1,0,4,4,4,4,4,4,5,3,4,4,4,4,2,4,4,4,4,4,4,4,3,3,4,4,3,3,2,3,2,1,1,NA,NA,NA,NA,NA,NA,NA,NA,NA,NA,NA,NA,NA,NA,NA,NA,NA,NA,NA,NA,NA,NA,3,1,4,3,3,3,3,4,4,3,3,3,3
r_3m08q3zqnwfyseb,1,1,70m072,2,0,1,1,0,2,30,NA,4,NA,NA,1,NA,1,1,1,1,1,1,NA,4,3,3,3,3,3,4,5,3,5,5,2,1,2,3,1,NA,1,NA,1,NA,NA,NA,13,4,1,1,1,1,1,NA,1,NA,1,4,5,4,4,5,4,4,4,5,5,4,4,4,4,4,4,4,5,4,5,5,4,4,4,1,4,3,1,1,0,0,0,0,0,0,0,0,0,0,0,0,0,0,0,0,0,0,0,0,0,0,0,0,3,4,4,2,2,2,4,3,2,2,3,2,3
r_2rwkuwhxpg3stm5,0,1,50r128,2,0,1,0,0,2,41,NA,1,NA,NA,NA,NA,NA,1,1,1,1,1,1,4,5,4,4,4,4,3,3,4,4,5,2,6,1,4,NA,0,0,0,0,0,0,0,12,4,1,1,1,1,1,0,1,0,1,4,4,3,5,5,5,5,5,4,5,5,5,3,4,4,4,4,4,4,5,5,4,3,4,1,4,4,3,1,0,0,0,0,0,0,0,0,0,0,0,0,0,0,0,0,0,0,0,0,0,0,0,0,4,2,3,4,4,4,5,4,3,3,4,3,3
r_2r87ka7b6kkei4e,0,1,70a233,3,0,0,0,0,2,40,NA,2,NA,NA,NA,NA,NA,NA,NA,NA,NA,NA,NA,4,5,5,5,5,5,4,5,4,5,5,2,4,2,3,5,0,0,0,0,0,0,0,NA,5,1,1,1,1,1,0,1,0,0,4,3,4,5,5,5,5,5,4,4,4,5,3,3,4,4,4,4,4,4,4,4,3,4,2,4,3,3,3,0,0,0,0,0,0,0,0,0,0,0,0,0,0,0,0,0,0,0,0,0,0,0,0,4,1,2,4,4,3,3,3,3,3,5,2,4
r_1gafh6e3rofyizm,1,0,70a319,2,0,0,0,0,1,26,NA,3,0,0,0,0,1,1,1,1,1,1,NA,4,3,3,3,3,3,3,3,3,3,3,2,1.5,2,3,1,1,0,0,0,0,0,0,NA,4,1,1,1,1,1,0,1,1,1,4,3,4,4,4,4,4,4,4,4,3,4,4,4,4,5,5,5,4,5,5,4,5,4,2,3,3,2,2,0,0,0,0,0,0,0,0,0,0,0,0,0,0,0,0,0,0,0,0,0,0,0,0,4,1,4,4,4,4,5,5,4,1,4,2,2
r_yw5alepubmgkv97,0,1,50a070,1,1,0,0,0,2,38,NA,4,1,1,1,1,0,3,1,1,1,1,1,1,4,3,2,3,3,4,1,3,3,4,2,1,2,NA,2,1,0,0,0,0,0,0,20,3,1,1,1,1,1,0,0,1,0,4,2,2,5,3,5,5,2,2,2,4,5,2,2,3,3,3,4,4,3,3,2,2,4,4,4,4,4,4,1,1,NA,1,NA,NA,NA,NA,1,NA,1,NA,NA,NA,1,NA,NA,NA,1,1,NA,NA,1,NA,3,1,2,4,4,4,4,5,4,4,4,3,4
r_dwtndawxrnlkf9f,0,1,70m077,3,0,0,0,0,2,32,NA,2,NA,NA,NA,NA,NA,1,1,1,2,1,3,4,4,2,2,4,3,3,3,4,4,5,2,2,1,4,NA,0,1,0,0,0,0,1,12,4,1,1,1,1,1,0,1,1,1,4,1,4,5,3,5,5,4,2,2,3,5,5,4,5,5,5,5,5,5,5,3,3,4,1,3,1,1,2,1,1,1,1,1,NA,NA,NA,1,1,1,NA,NA,NA,1,NA,1,1,1,1,NA,NA,1,NA,2,2,4,4,4,3,5,5,3,4,5,5,1
r_ohgsukl2byw46ur,1,1,50r469,3,1,0,0,0,2,36,NA,1,0,0,0,0,0,1,1,1,1,1,NA,4,3,2,2,4,5,3,5,5,5,5,2,3,2,3,2,0,0,0,0,0,0,NA,18,5,1,1,1,1,1,0,1,1,1,3,4,4,2,2,4,4,4,3,4,2,4,4,2,3,4,3,2,3,3,4,3,2,2,4,4,4,4,4,0,0,0,0,0,0,0,0,0,0,0,0,0,0,0,0,0,0,0,0,0,0,0,0,4,2,3,4,4,4,4,3,4,3,4,4,2
r_2sqmvyldxcptx2s,1,1,50r365,3,1,1,0,0,2,61,NA,3,0,0,0,0,1,1,1,1,1,1,1,1,4,3,4,4,4,3,4,4,4,3,2,8,1,4,NA,0,0,0,0,0,0,NA,12,3,1,1,1,1,1,0,1,0,NA,4,3,4,4,4,5,5,5,3,5,5,5,5,5,4,4,4,4,4,4,4,3,3,4,2,4,3,1,1,0,0,0,0,0,0,0,0,0,0,0,0,0,0,0,0,0,0,0,0,0,0,0,0,4,1,4,2,2,2,2,2,4,3,3,3,2
r_2sqmvyldxcptx2s,0,1,50r365,3,1,1,0,0,2,61,NA,3,0,0,0,0,1,1,1,1,1,1,1,1,4,3,4,4,4,3,4,4,4,3,2,8,1,4,NA,0,0,0,0,0,0,NA,12,3,1,1,1,1,1,0,1,0,NA,4,3,4,4,4,5,5,5,3,5,5,5,5,5,4,4,4,4,4,4,4,3,3,4,2,4,3,1,1,0,0,0,0,0,0,0,0,0,0,0,0,0,0,0,0,0,0,0,0,0,0,0,0,4,1,4,2,2,2,2,2,4,3,3,3,2
r_em6uaklfxeeeorx,1,1,70m014,1,0,1,0,0,2,25,NA,1,0,0,0,NA,0,1,1,1,1,1,NA,2,5,5,4,4,4,3,4,4,4,3,2,2,1,4,NA,1,0,0,0,0,0,0,6,2,0,0,1,1,1,0,1,1,0,5,2,5,5,5,5,5,5,2,4,4,4,4,4,4,5,4,4,4,4,4,3,3,4,3,3,3,4,4,1,NA,NA,NA,NA,NA,NA,NA,NA,NA,1,NA,1,NA,1,NA,NA,1,1,NA,NA,NA,NA,NA,3,1,2,2,3,2,3,2,4,4,4,4,5
r_2rwnmrgsyo3gvrj,0,1,70m203,3,0,1,1,1,2,60,NA,5,1,1,0,0,0,1,1,1,1,1,NA,2,3,2,2,2,2,2,2,2,2,4,2,2,2,4,NA,1,1,1,1,0,0,NA,NA,4,1,1,1,1,0,0,0,1,0,3,4,4,2,3,2,3,3,4,2,2,4,2,2,3,2,2,4,3,2,2,2,2,2,4,4,4,4,4,1,NA,NA,1,1,1,1,1,1,1,1,NA,NA,NA,1,NA,1,1,1,1,1,NA,1,NA,3,1,1,5,5,5,5,4,5,5,5,5,3
r_1fayuhmpfxarl54,1,1,70m248,3,0,1,1,0,2,49,NA,2,0,0,1,0,0,1,1,1,1,1,1,2,4,3,3,3,3,4,3,2,2,4,2,1,2,3,2,0,1,0,1,0,0,0,14,4,1,0,1,0,1,0,1,1,1,4,2,4,2,5,4,4,4,2,4,4,4,2,3,2,3,3,3,3,4,4,3,2,3,2,4,4,2,2,1,1,NA,1,1,1,1,1,1,NA,1,NA,NA,1,1,1,1,1,1,1,1,1,1,NA,2,1,2,3,3,4,4,1,1,4,4,4,3
r_zdo1ucr6y4arzz7,0,1,50m172,1,1,1,0,0,2,48,NA,3,0,0,1,1,0,1,1,1,1,1,NA,2,5,4,4,4,4,4,4,4,4,4,2,1.5,1,4,NA,0,0,0,0,0,0,1,7.5,3,1,0,1,1,1,0,0,0,0,4,4,5,5,5,5,5,5,5,5,5,5,5,5,5,5,5,5,5,5,5,4,4,5,2,4,3,1,1,1,NA,1,1,NA,NA,NA,1,NA,NA,1,NA,NA,NA,NA,NA,NA,NA,1,NA,NA,1,1,NA,3,4,4,3,2,2,2,2,2,2,4,3,2
r_plylxohk8srtyxj,0,0,50r021,0,0,1,1,0,2,63,NA,2,0,0,0,0,0,1,1,1,1,1,NA,4,5,5,5,5,5,5,3,5,4,4,1,7,1,4,NA,1,NA,NA,NA,NA,NA,NA,37,2,0,0,0,0,0,0,0,0,NA,4,4,4,4,4,4,3,0,3,5,4,4,5,4,5,5,5,5,5,5,5,4,5,5,3,5,3,3,3,1,NA,NA,NA,NA,NA,NA,NA,NA,NA,NA,NA,NA,NA,NA,NA,NA,NA,NA,NA,NA,NA,NA,1,4,1,5,5,5,4,3,4,NA,4,4,3,3
r_3fiptquvsdily8j,0,1,50m110,2,0,1,0,0,2,38,NA,1,0,0,0,0,0,1,1,1,1,1,1,4,5,3,4,4,4,5,5,5,5,5,2,1,1,4,NA,1,0,0,0,0,0,0,19,3,1,1,1,1,1,0,1,1,1,5,4,5,5,5,4,5,5,4,5,4,5,5,5,5,4,5,5,4,5,5,5,4,4,2,4,2,2,1,1,NA,1,1,NA,NA,NA,NA,NA,1,NA,1,NA,1,1,NA,NA,1,NA,1,NA,1,1,NA,4,4,5,1,1,1,4,1,4,1,1,2,1
r_sh5qkj9sh3rjy09,1,1,50r346,0,0,1,0,0,2,41,NA,3,0,0,0,0,0,1,1,1,1,1,1,4,5,5,5,5,5,4,4,5,4,5,2,10,1,4,NA,1,1,1,1,0,0,0,22,4,1,1,1,1,1,NA,1,0,1,5,4,5,5,5,5,5,5,5,5,5,5,5,5,5,5,5,5,5,5,4,5,4,5,1,4,3,1,1,0,0,0,0,0,0,0,0,0,0,0,0,0,0,0,0,0,0,0,0,0,0,0,0,3,4,5,1,1,2,2,1,1,1,1,1,1
r_sh5qkj9sh3rjy09,0,1,50r346,0,0,1,0,0,2,41,NA,3,0,0,0,0,0,1,1,1,1,1,1,4,5,5,5,5,5,4,4,5,4,5,2,10,1,4,NA,1,1,1,1,0,0,0,22,4,1,1,1,1,1,NA,1,0,1,5,4,5,5,5,5,5,5,5,5,5,5,5,5,5,5,5,5,5,5,4,5,4,5,1,4,3,1,1,0,0,0,0,0,0,0,0,0,0,0,0,0,0,0,0,0,0,0,0,0,0,0,0,3,4,5,1,1,2,2,1,1,1,1,1,1
r_2ozm0zncc2gubn0,0,1,70a274,3,0,1,0,0,2,35,NA,1,NA,NA,NA,NA,NA,NA,NA,NA,NA,NA,NA,4,4,4,4,4,4,3,3,4,4,4,2,4,1,NA,NA,0,0,0,0,0,0,0,16,4,1,1,1,0,1,0,1,1,1,3,3,4,5,5,3,3,4,4,4,3,3,3,3,3,3,3,4,4,4,4,3,3,3,3,4,3,3,3,0,0,0,0,0,0,0,0,0,0,0,0,0,0,0,0,0,0,0,0,0,0,0,0,3,2,2,4,4,4,5,4,5,4,5,5,5
r_2b8rngkawcn6mxc,0,1,70a280,2,0,1,0,1,2,38,NA,4,1,1,1,1,1,1,1,1,1,1,NA,4,5,4,4,4,4,4,3,2,3,5,2,3.5,2,NA,5,0,0,0,0,0,0,1,15,4,1,0,1,0,0,0,1,0,0,4,4,3,5,1,4,5,1,5,5,4,5,3,0,2,2,2,3,3,3,5,2,2,3,5,5,5,5,4,1,NA,NA,1,1,NA,1,NA,NA,NA,1,NA,NA,1,1,NA,NA,1,1,1,1,NA,1,NA,3,1,1,5,5,5,5,5,5,4,5,5,5
r_2phswnp5ll2hzkl,0,1,50m436,2,1,1,0,0,2,34,NA,1,1,0,0,1,1,1,1,1,1,1,3,1,4,4,4,4,4,3,3,4,4,4,2,2,2,NA,2,0,0,0,0,0,0,NA,16,4,1,1,1,1,1,0,1,0,1,4,4,4,4,4,4,4,4,4,4,4,4,4,4,4,4,4,4,4,4,4,4,4,4,4,4,4,4,4,1,1,1,1,1,NA,NA,NA,NA,1,NA,NA,NA,NA,NA,NA,NA,1,1,NA,NA,NA,NA,NA,3,1,1,5,5,5,5,5,5,5,5,5,5
r_3e8m1agcxenfrxu,0,1,70m056,2,0,1,1,0,2,28,NA,2,0,0,0,0,0,1,1,1,1,1,NA,4,5,3,3,3,4,5,5,5,5,5,2,3,2,4,NA,1,0,0,0,0,0,0,10,4,1,1,1,1,1,0,1,1,1,5,5,5,5,4,5,5,5,5,5,5,5,5,5,5,4,5,5,5,5,5,5,5,5,2,3,2,1,1,0,0,0,0,0,0,0,0,0,0,0,0,0,0,0,0,0,0,0,0,0,0,0,0,4,2,4,2,2,2,4,2,1,1,3,1,1
r_2dsql7bablwb2xy,1,1,50r380,0,1,1,1,0,2,34,NA,2,NA,NA,NA,NA,NA,3,NA,NA,2,NA,NA,1,5,5,5,5,5,4,4,4,4,5,2,0,1,4,NA,1,1,1,NA,NA,NA,1,NA,2,1,1,1,0,0,0,1,1,1,NA,NA,NA,NA,NA,NA,NA,NA,NA,NA,NA,NA,NA,NA,5,5,5,5,5,3,5,5,3,5,1,1,3,1,1,1,NA,NA,NA,NA,NA,NA,NA,NA,NA,NA,NA,NA,NA,1,1,NA,NA,NA,NA,NA,NA,NA,NA,3,3,3,2,2,2,4,3,4,2,4,4,2
r_1hj9ivjxfmtvgzt,1,1,50r283,2,1,1,1,0,2,55,NA,2,1,1,1,1,0,1,1,1,1,1,NA,4,5,2,3,5,3,3,2,5,5,5,2,2.5,2,3,5,0,0,0,0,0,0,1,2,4,1,0,1,0,1,0,1,1,1,4,4,4,5,4,5,5,1,2,5,4,5,5,4,4,5,4,4,3,5,5,4,3,4,3,5,5,3,3,0,0,0,0,0,0,0,0,0,0,0,0,0,0,0,0,0,0,0,0,0,0,0,0,5,4,5,3,3,3,2,2,4,2,2,2,2
r_3eanhfxtqv6p8dw,0,1,70a285,2,0,1,1,0,2,65,NA,3,1,1,1,1,1,2,NA,NA,NA,NA,NA,4,3,3,3,3,3,3,3,4,4,4,2,8,2,3,2,0,1,0,0,0,0,0,50,5,1,0,1,1,1,0,0,1,1,5,4,0,5,5,5,5,4,4,5,5,5,4,5,5,5,5,5,5,5,5,5,5,5,1,3,1,1,1,0,0,0,0,0,0,0,0,0,0,0,0,0,0,0,0,0,0,0,0,0,0,0,0,4,3,4,2,2,2,2,2,2,2,2,2,2
r_23ghh7vzbrdbzpx,0,1,50r331,0,1,1,1,0,2,43,NA,1,0,0,0,0,0,3,NA,1,2,1,NA,4,4,4,4,4,4,3,2,3,4,4,2,3,2,4,NA,0,1,0,1,0,0,NA,NA,3,1,1,1,1,1,NA,1,1,0,4,3,2,5,3,4,4,3,2,3,3,5,4,3,4,4,5,4,3,5,4,3,4,3,3,4,4,4,3,1,1,NA,1,NA,NA,1,NA,NA,1,1,1,NA,NA,1,1,NA,1,NA,1,NA,1,1,NA,2,1,2,4,4,3,4,3,4,4,5,3,4
r_xh9ttqeha2npyxl,1,1,70a018,3,0,1,1,1,2,44,NA,1,NA,NA,NA,NA,NA,NA,NA,NA,NA,NA,3,4,4,4,4,4,4,4,2,4,4,3,2,3,2,3,2,NA,NA,NA,NA,NA,NA,NA,21,4,1,1,1,1,1,0,1,1,0,3,2,2,3,2,4,4,2,3,3,3,4,4,3,3,3,3,2,3,3,3,3,3,4,3,3,3,4,4,0,0,0,0,0,0,0,0,0,0,0,0,0,0,0,0,0,0,0,0,0,0,0,0,3,5,5,3,3,4,3,4,2,2,5,2,2
r_31zr5ycyktmcxf0,0,1,5me119,3,1,1,0,0,2,33,NA,2,NA,NA,NA,NA,NA,NA,NA,NA,NA,NA,NA,4,4,3,4,4,3,3,2,3,3,3,2,4,1,4,NA,NA,NA,NA,NA,NA,NA,NA,14,3,1,1,1,1,0,0,0,1,NA,3,2,3,4,3,3,3,2,2,4,3,3,4,3,2,2,3,3,3,4,4,3,2,3,5,5,5,3,2,1,1,1,NA,1,1,1,NA,1,NA,NA,NA,NA,NA,NA,NA,NA,NA,NA,NA,NA,NA,NA,NA,3,1,2,5,4,3,5,5,4,4,5,5,3
r_3iriyuddtc43qd1,0,0,50m025,0,0,1,0,0,2,65,NA,4,1,1,0,1,0,3,1,1,1,1,2,4,4,4,4,4,4,5,4,5,5,5,1,15,2,4,NA,NA,1,NA,NA,1,NA,NA,41,3,1,0,1,1,1,0,0,0,NA,4,4,4,5,4,4,4,4,4,4,3,4,4,4,4,4,4,4,4,5,3,5,4,4,4,4,4,1,1,0,0,0,0,0,0,0,0,0,0,0,0,0,0,0,0,0,0,0,0,0,0,0,0,3,3,5,3,3,3,3,3,3,3,3,3,3
r_1hsav9ywdostwvj,0,1,50r340,1,0,0,0,0,2,37,NA,2,0,0,0,0,0,NA,NA,NA,3,NA,NA,3,3,3,3,3,3,2,2,2,2,2,2,1,1,4,NA,1,1,1,1,0,1,0,16,3,1,0,1,1,1,0,0,0,0,2,2,3,3,2,1,2,1,3,3,2,3,3,3,3,2,2,2,2,4,4,3,3,3,3,4,3,4,4,0,0,0,0,0,0,0,0,0,0,0,0,0,0,0,0,0,0,0,0,0,0,0,0,4,1,3,5,4,5,5,5,5,4,4,3,3
r_2ti9mfeejkmecjr,1,0,50r282,1,0,0,0,0,2,38,NA,2,NA,NA,NA,NA,NA,1,1,1,1,1,3,2,4,4,4,4,4,4,4,4,4,4,2,0.5,1,NA,5,0,0,0,0,0,0,0,17,3,1,1,1,1,1,0,1,1,1,4,4,4,4,4,4,4,4,4,4,4,4,4,4,4,4,4,4,4,4,4,4,4,4,2,3,2,2,2,0,0,0,0,0,0,0,0,0,0,0,0,0,0,0,0,0,0,0,0,0,0,0,0,4,4,4,2,2,2,4,2,2,2,2,2,2
r_50vjo5o5s7revu5,0,1,5ma254,2,1,1,1,0,2,41,NA,4,0,0,0,1,1,1,1,1,1,1,3,4,4,4,4,4,4,3,2,4,4,4,2,15,2,4,1,0,0,0,0,0,0,1,21,4,1,1,1,1,1,0,1,1,1,5,4,4,4,4,4,4,4,4,4,3,4,4,4,4,3,3,4,3,3,4,2,2,2,2,4,4,2,1,0,0,0,0,0,0,0,0,0,0,0,0,0,0,0,0,0,0,0,0,0,0,0,0,5,2,5,2,2,2,4,4,4,4,4,2,2
r_1owirhqcngeti7s,0,1,50m228,1,0,1,0,0,2,59,NA,1,NA,NA,NA,NA,NA,NA,NA,NA,NA,NA,3,4,5,5,5,5,5,5,5,5,5,5,2,5,2,NA,2,NA,NA,NA,NA,NA,NA,1,21,4,1,1,1,1,1,NA,1,1,1,5,5,5,5,5,5,5,5,4,5,5,5,5,4,5,5,5,5,5,5,5,5,4,4,1,4,4,1,1,1,1,NA,1,NA,NA,NA,NA,NA,NA,1,NA,NA,1,1,NA,1,NA,NA,NA,NA,NA,1,NA,3,2,4,4,4,3,2,2,2,2,3,2,3
r_2wam0ban8hwexhc,0,1,50r277,0,1,0,1,0,2,42,NA,2,NA,NA,NA,NA,NA,NA,NA,NA,NA,NA,NA,3,1,1,1,1,1,4,2,4,4,3,2,1,2,4,NA,1,1,1,1,0,1,0,25,3,1,0,1,1,1,NA,1,1,NA,4,4,4,4,4,4,4,4,4,4,4,4,4,4,3,3,3,3,3,3,3,3,3,3,3,3,3,3,3,0,0,0,0,0,0,0,0,0,0,0,0,0,0,0,0,0,0,0,0,0,0,0,0,4,2,4,3,3,3,3,3,3,3,3,3,3
r_27egryzra59cpxe,1,1,50a231,2,1,1,0,0,2,35,NA,2,0,0,0,0,0,3,1,1,1,1,1,2,4,4,4,4,4,3,3,4,4,4,2,1,2,4,NA,1,0,0,0,0,0,0,8,4,1,1,1,1,1,0,1,1,1,3,4,3,3,3,3,4,3,4,3,3,3,3,3,3,3,4,3,3,3,3,3,3,3,3,3,3,3,3,0,0,0,0,0,0,0,0,0,0,0,0,0,0,0,0,0,0,0,0,0,0,0,0,2,1,2,3,3,3,4,3,3,3,4,4,4
r_24mx1kfrerv6rxa,1,1,5ma106,2,1,1,0,0,2,50,NA,1,1,1,1,1,1,NA,NA,NA,NA,NA,3,3,4,4,4,4,4,3,4,4,4,4,2,2,1,4,NA,1,1,1,1,1,1,NA,35,2,1,1,1,1,1,1,0,0,0,3,2,4,4,4,4,4,4,4,4,4,4,4,4,3,3,4,4,3,4,4,3,3,3,3,3,3,3,3,0,0,0,0,0,0,0,0,0,0,0,0,0,0,0,0,0,0,0,0,0,0,0,0,5,3,4,4,4,3,3,3,5,4,5,4,2
r_3qwf93jwibovvnm,0,1,50m264,0,1,1,1,0,2,39,NA,3,1,1,1,1,1,1,1,1,1,1,3,4,4,4,4,3,4,4,5,4,4,5,2,7,1,4,NA,1,0,0,1,0,1,0,20,2,1,1,1,1,1,0,0,0,1,NA,NA,NA,NA,NA,NA,NA,NA,NA,NA,NA,NA,NA,NA,5,5,5,5,5,5,5,5,5,5,4,5,5,3,2,1,1,1,1,1,1,NA,1,1,NA,1,1,1,1,1,1,1,NA,1,1,1,NA,1,NA,1,1,2,3,3,3,4,2,5,4,2,5,5
r_szuxbhisy4ghv8z,0,0,70m027,2,0,1,1,0,1,33,NA,5,1,1,1,1,1,1,1,1,3,3,3,4,4,3,3,3,3,2,5,3,3,5,2,0,2,4,NA,0,1,0,1,0,0,0,15,3,1,1,1,1,1,0,1,1,NA,3,2,4,4,5,5,NA,4,3,5,4,5,5,5,4,4,3,3,3,5,5,5,3,5,2,4,2,2,2,1,1,1,1,1,1,NA,1,1,NA,NA,NA,NA,NA,1,NA,1,1,1,1,1,NA,1,NA,2,2,4,3,4,3,4,5,3,2,5,4,4
r_1dwxf7l7biwzh6r,0,1,70m064,1,0,1,1,0,2,47,NA,4,0,0,0,0,0,1,1,1,1,1,1,2,3,3,3,3,3,3,3,4,4,4,2,1,1,4,NA,0,1,0,0,0,0,1,20,4,1,1,1,1,1,0,1,1,1,4,3,4,4,4,3,4,4,3,4,4,5,5,4,4,3,3,5,4,4,4,3,3,4,2,3,3,1,2,1,1,NA,1,NA,NA,NA,NA,NA,NA,1,NA,NA,1,NA,NA,NA,NA,1,NA,NA,NA,1,NA,4,2,4,4,4,4,3,4,3,2,4,3,2
r_1muweraqbwjjnae,0,1,70m217,3,0,1,0,0,1,45,NA,4,0,0,0,0,0,1,1,1,1,1,1,4,4,2,2,3,3,4,4,4,2,4,2,7,2,3,2,0,0,0,0,0,0,0,12,5,1,0,1,1,1,0,1,1,1,2,1,1,4,1,2,4,1,1,4,2,4,3,1,2,2,2,2,2,2,2,1,2,2,4,4,4,4,4,1,1,1,1,NA,NA,NA,1,NA,NA,1,NA,NA,1,NA,NA,NA,NA,1,1,NA,NA,1,NA,4,1,1,4,4,4,5,4,4,4,5,4,4
r_panswnllag5tqjx,1,1,70a031,3,0,1,0,0,2,29,NA,1,0,0,NA,NA,0,3,1,NA,NA,NA,NA,2,4,4,4,4,4,4,3,4,4,4,2,0,1,NA,1,0,0,0,0,0,0,0,8,4,1,1,1,1,1,0,1,1,1,4,2,4,4,4,4,4,4,3,4,4,4,4,4,4,4,4,4,3,3,4,4,4,4,2,4,4,2,2,0,0,0,0,0,0,0,0,0,0,0,0,0,0,0,0,0,0,0,0,0,0,0,0,2,1,4,5,5,5,3,4,4,4,4,4,3
r_3hq2ligmcmhleur,0,1,70m033,3,0,1,1,0,2,39,NA,3,0,0,0,0,0,3,NA,NA,2,NA,NA,2,5,5,5,5,5,5,5,5,5,5,2,2,1,4,NA,0,1,0,1,0,0,NA,NA,4,1,0,1,1,1,0,1,1,NA,5,5,5,5,5,5,5,5,5,5,5,5,5,5,5,5,5,5,5,5,5,5,5,5,5,5,5,5,5,0,0,0,0,0,0,0,0,0,0,0,0,0,0,0,0,0,0,0,0,0,0,0,0,3,1,1,1,1,1,1,1,1,1,1,1,1
r_scuzyykfatvigf7,0,1,70a095,2,0,1,1,0,2,48,NA,2,1,1,1,0,1,1,1,1,2,1,1,2,3,2,2,2,4,3,4,4,4,4,2,13,1,4,NA,1,1,0,0,0,0,0,30,4,1,1,1,1,1,1,1,1,1,5,4,4,4,5,4,4,4,4,4,4,4,2,3,4,4,3,4,4,4,4,3,4,4,2,5,4,4,2,1,NA,1,1,1,NA,NA,1,NA,NA,1,NA,1,NA,1,NA,1,NA,1,NA,NA,NA,1,NA,4,2,2,5,5,5,5,5,5,5,5,5,5
r_sdlypy78b24nrz3,0,1,70m052,3,0,1,0,0,2,53,NA,1,NA,NA,NA,NA,NA,1,1,1,1,1,2,3,5,3,4,5,5,4,4,5,5,4,2,1,1,4,NA,0,0,0,0,0,0,1,20,3,1,1,1,1,1,0,1,0,0,5,3,4,5,4,4,5,5,3,4,4,4,4,4,5,4,5,5,5,4,5,4,4,5,2,4,4,2,2,1,1,NA,1,NA,NA,1,NA,NA,1,1,1,1,1,1,NA,NA,NA,NA,NA,NA,NA,NA,NA,3,1,3,5,4,3,4,2,4,3,4,4,3
r_3oenh3nwuzjigww,0,1,70m029,1,0,1,0,0,2,46,NA,4,1,1,1,1,0,1,1,1,2,1,3,4,4,2,3,4,3,4,5,5,4,5,2,2,2,3,1,1,1,0,1,1,0,1,28,4,1,1,1,1,NA,NA,1,1,1,5,4,5,4,5,4,4,5,4,5,4,4,2,3,4,4,5,5,4,5,4,5,4,5,3,2,4,2,2,1,NA,1,NA,NA,NA,NA,NA,NA,NA,1,NA,1,NA,1,NA,NA,NA,1,NA,NA,NA,NA,NA,3,3,4,3,4,4,4,4,4,2,4,3,2
r_26hgh7onfh90jjq,1,1,50r376,0,1,1,0,0,2,46,NA,4,1,1,1,0,0,3,1,1,2,1,NA,4,4,3,3,3,3,3,4,4,3,5,2,1,2,3,1,1,1,1,1,1,0,1,28,4,1,1,1,1,1,0,1,1,1,5,5,4,4,5,5,5,5,5,5,4,4,5,5,5,5,5,5,4,4,4,5,4,5,2,2,2,1,1,1,1,1,NA,NA,NA,NA,NA,NA,NA,NA,NA,NA,NA,1,NA,NA,NA,1,NA,NA,NA,NA,NA,3,3,4,3,2,2,4,4,4,3,4,3,2
r_2xxbhpppp1dcylh,0,1,50m201,0,0,1,2,1,2,65,NA,3,1,1,1,1,1,3,2,1,2,1,NA,4,4,3,4,4,3,3,1,5,5,5,2,7,2,4,NA,0,1,0,0,1,0,1,17,2,0,0,1,1,1,0,0,0,0,4,2,4,4,0,4,4,0,3,4,4,4,4,0,5,5,5,4,5,4,2,3,3,4,3,2,2,1,5,0,0,0,0,0,0,0,0,0,0,0,0,0,0,0,0,0,0,0,0,0,0,0,0,3,2,4,2,4,3,5,3,3,2,3,3,2
r_4trcyo71paydwvp,0,1,50r040,3,1,0,1,1,2,56,NA,5,1,0,0,1,0,2,1,1,1,1,2,4,4,4,4,4,4,4,5,5,5,5,2,2,2,4,NA,0,1,0,0,1,0,0,35,5,1,1,1,1,1,0,1,1,0,NA,NA,NA,NA,NA,NA,NA,NA,NA,NA,NA,NA,NA,NA,5,5,5,5,5,5,4,5,4,5,1,4,2,1,1,1,NA,NA,NA,NA,NA,NA,NA,NA,NA,NA,NA,NA,NA,NA,1,NA,NA,NA,NA,NA,NA,NA,1,4,1,3,5,5,5,5,4,3,3,4,3,4
r_79c2ucwdchtazkd,0,1,50r388,3,1,1,0,0,2,51,NA,2,NA,NA,NA,NA,NA,NA,NA,NA,NA,NA,NA,4,4,4,4,3,4,4,5,5,4,5,2,5,2,3,2,0,0,0,0,0,0,1,15,5,1,1,1,1,1,0,1,1,1,5,5,5,5,5,5,5,5,5,5,5,5,5,5,5,5,5,5,5,5,5,5,5,5,1,3,2,1,1,0,0,0,0,0,0,0,0,0,0,0,0,0,0,0,0,0,0,0,0,0,0,0,0,3,2,4,1,1,2,1,1,2,1,2,1,1
r_c30ykw3nrxygxcl,1,1,5ma259,0,1,1,1,0,1,60,NA,4,0,0,0,0,0,1,1,1,2,1,NA,2,4,4,3,4,2,4,4,4,4,4,2,1,2,3,1,0,1,1,0,0,0,NA,30,4,1,1,1,1,1,NA,1,1,1,5,4,4,4,3,4,5,3,4,5,5,5,5,3,4,4,5,5,4,4,4,4,3,4,2,4,2,3,2,0,0,0,0,0,0,0,0,0,0,0,0,0,0,0,0,0,0,0,0,0,0,0,0,5,4,4,2,3,4,2,2,2,1,2,2,2
r_2wnpryl3ml3cqxc,1,1,70m208,2,0,1,1,0,2,26,NA,2,0,0,0,0,0,1,1,1,1,1,1,4,4,4,4,4,3,3,3,4,4,5,2,2,2,3,1,1,0,0,0,0,0,0,8,4,1,1,1,1,1,NA,1,1,1,5,4,4,4,4,4,4,4,4,4,4,4,4,4,5,4,4,4,4,4,4,4,4,4,2,4,4,2,2,1,1,1,NA,1,NA,NA,1,NA,NA,NA,NA,1,NA,NA,NA,NA,NA,NA,NA,NA,NA,NA,NA,4,2,2,4,4,5,4,2,2,2,4,4,4
r_2dly6ynl9h0qjpc,0,1,70a270,3,0,1,0,0,2,40,NA,1,0,1,1,1,1,2,1,1,1,1,2,3,5,3,3,3,3,3,4,2,4,5,2,1,1,3,5,1,1,0,0,1,0,NA,8,4,1,1,1,1,1,0,1,1,NA,5,5,5,5,5,5,5,5,5,5,5,5,5,5,5,5,5,5,5,5,5,5,3,5,1,5,5,1,1,1,NA,NA,1,NA,1,NA,NA,1,NA,NA,NA,NA,NA,1,NA,NA,NA,1,NA,NA,NA,1,NA,5,4,4,4,4,1,1,1,1,1,3,3,2
r_3mmniuuulbczdea,0,1,50r449,1,1,0,0,0,1,23,NA,2,NA,NA,NA,NA,NA,3,1,1,3,1,NA,1,5,3,3,5,3,3,3,5,5,5,2,1,1,4,NA,0,1,0,0,1,0,NA,6,2,1,1,1,1,1,0,1,1,0,5,2,5,5,4,5,5,4,3,4,5,5,5,5,4,4,4,4,4,4,4,4,4,4,2,4,2,3,3,0,0,0,0,0,0,0,0,0,0,0,0,0,0,0,0,0,0,0,0,0,0,0,0,3,1,1,5,5,5,5,5,3,4,5,3,5
r_2pa5iakmlmfikju,0,1,70a342,3,0,0,0,0,1,41,NA,4,0,0,0,0,0,3,1,1,1,1,1,3,4,4,4,4,4,5,5,5,4,4,2,1,2,NA,2,0,1,0,0,0,0,0,NA,4,1,1,1,1,1,0,1,1,0,5,4,4,5,5,4,4,4,4,5,4,5,5,5,4,4,5,5,4,4,5,4,4,4,2,3,2,2,2,0,0,0,0,0,0,0,0,0,0,0,0,0,0,0,0,0,0,0,0,0,0,0,0,3,1,2,5,5,5,5,5,4,5,5,5,5
r_27kuzurz0r5qc5n,1,1,70a300,2,0,0,0,0,1,27,NA,2,0,0,0,0,0,1,1,1,1,1,NA,2,4,3,2,2,3,4,5,4,4,5,2,2,1,4,NA,0,0,0,0,0,0,NA,0,3,1,1,1,1,1,0,1,1,0,4,4,5,5,5,4,4,4,4,5,5,5,4,4,5,5,5,5,5,5,5,5,2,4,3,5,5,3,4,1,NA,NA,NA,NA,NA,NA,NA,NA,NA,NA,NA,NA,1,1,NA,NA,NA,NA,NA,NA,NA,NA,NA,3,1,3,4,2,4,5,5,2,2,5,4,4
r_2rann5vgegeetri,1,1,50m049,2,1,1,0,0,2,65,NA,4,1,1,1,1,1,1,1,1,1,1,2,4,5,4,4,4,5,5,5,5,5,4,1,27,2,NA,5,0,0,0,0,1,0,1,40,5,1,1,1,1,0,0,0,1,0,5,5,5,5,5,5,5,0,5,4,5,5,4,5,5,5,5,5,5,4,2,5,5,5,2,4,4,2,4,1,NA,1,1,1,NA,1,1,1,NA,1,1,1,1,NA,NA,NA,1,NA,NA,NA,NA,1,NA,4,4,5,5,2,4,2,2,2,2,2,2,2
r_302l6orlgrcex8s,0,1,5me248,0,0,1,1,0,2,38,NA,1,NA,NA,NA,NA,NA,NA,NA,NA,NA,NA,NA,2,5,3,4,4,3,4,3,4,4,2,2,20192020,1,4,NA,NA,NA,NA,NA,NA,1,NA,NA,2,1,1,1,0,1,0,0,0,0,4,2,3,4,3,4,3,4,1,3,4,3,3,3,4,3,3,4,4,3,3,2,2,4,3,3,3,3,3,0,0,0,0,0,0,0,0,0,0,0,0,0,0,0,0,0,0,0,0,0,0,0,0,5,4,4,2,2,2,4,4,4,2,4,3,3
r_3qvtlnd4xeh634t,0,1,5ma051,1,1,1,0,0,2,51,NA,2,1,1,1,1,1,1,1,1,2,2,2,1,4,3,3,3,4,4,4,4,4,4,2,1,2,NA,2,1,0,1,1,0,0,0,15,2,1,1,1,1,0,0,0,0,0,3,3,4,4,4,5,5,5,NA,3,4,5,5,4,4,4,4,4,3,3,3,3,4,4,3,4,4,2,2,0,0,0,0,0,0,0,0,0,0,0,0,0,0,0,0,0,0,0,0,0,0,0,0,3,2,4,2,4,3,5,3,3,4,3,3,4
r_2aeorchzdb7c1yp,1,1,50r294,3,1,0,0,0,1,61,NA,4,0,0,0,0,0,1,1,1,1,1,3,4,4,3,3,3,3,3,3,4,4,5,1,20,2,4,NA,0,0,0,0,0,0,0,20,6,1,NA,1,1,1,NA,1,1,1,5,4,4,5,4,5,5,4,4,4,4,5,4,3,4,4,4,3,4,4,4,3,4,4,4,4,4,4,4,0,0,0,0,0,0,0,0,0,0,0,0,0,0,0,0,0,0,0,0,0,0,0,0,4,1,1,4,4,4,4,4,4,5,4,4,3
r_2aeorchzdb7c1yp,1,1,50r294,3,1,0,0,0,1,61,NA,4,0,0,0,0,0,1,1,1,1,1,3,4,4,3,3,3,3,3,3,4,4,5,1,20,2,4,NA,0,0,0,0,0,0,0,20,6,1,NA,1,1,1,NA,1,1,1,5,4,4,5,4,5,5,4,4,4,4,5,4,3,4,4,4,3,4,4,4,3,4,4,4,4,4,4,4,0,0,0,0,0,0,0,0,0,0,0,0,0,0,0,0,0,0,0,0,0,0,0,0,4,1,1,4,4,4,4,4,4,5,4,4,3
r_raduqydtzzr0hg9,0,1,70m037,3,0,0,0,0,2,32,NA,4,0,1,0,0,1,1,1,1,1,1,1,4,4,3,3,3,3,2,4,3,3,4,2,2,2,3,2,1,1,0,0,0,0,0,12,4,1,NA,1,1,1,0,1,1,1,5,5,5,4,0,5,5,0,4,5,5,5,5,0,5,5,5,3,5,5,5,3,3,5,1,1,1,1,1,1,1,NA,NA,NA,NA,NA,NA,NA,1,1,NA,NA,NA,NA,NA,NA,NA,NA,NA,NA,NA,1,NA,4,2,4,4,4,5,5,5,3,3,5,5,4
r_qjb8grej2ncwygt,1,1,50r486,2,0,NA,0,0,2,59,NA,5,1,1,1,1,1,1,1,1,1,1,NA,3,1,4,3,3,3,3,3,3,4,4,2,NA,1,NA,2,0,0,0,0,0,0,0,25,5,1,1,1,1,1,1,1,1,NA,5,5,5,5,5,5,5,5,5,5,5,5,5,5,5,5,5,5,5,5,5,5,5,5,5,5,5,5,5,0,0,0,0,0,0,0,0,0,0,0,0,0,0,0,0,0,0,0,0,0,0,0,0,5,1,5,3,3,3,3,3,3,3,3,3,3
r_qjb8grej2ncwygt,0,1,50r486,2,0,NA,0,0,2,59,NA,5,1,1,1,1,1,1,1,1,1,1,NA,3,1,4,3,3,3,3,3,3,4,4,2,NA,1,NA,2,0,0,0,0,0,0,0,25,5,1,1,1,1,1,1,1,1,NA,5,5,5,5,5,5,5,5,5,5,5,5,5,5,5,5,5,5,5,5,5,5,5,5,5,5,5,5,5,0,0,0,0,0,0,0,0,0,0,0,0,0,0,0,0,0,0,0,0,0,0,0,0,5,1,5,3,3,3,3,3,3,3,3,3,3
r_3nwalepr5zewjqz,1,1,50r372,0,1,1,1,0,2,39,NA,3,1,1,1,1,0,NA,NA,NA,NA,NA,2,1,4,4,4,4,4,4,3,4,4,4,2,0,2,4,NA,1,0,0,0,1,0,1,16,2,1,0,1,1,1,0,1,1,1,4,3,4,4,3,4,4,4,3,4,4,5,4,3,3,3,3,4,4,3,4,3,3,3,3,4,2,2,2,1,1,1,1,NA,NA,NA,NA,NA,NA,1,NA,NA,NA,NA,NA,NA,NA,NA,NA,NA,NA,NA,NA,3,2,4,4,4,3,4,3,3,3,4,3,4
r_3fibqrdkogpc1na,0,1,50m424,1,1,1,1,0,2,49,NA,1,NA,NA,NA,NA,NA,NA,NA,NA,2,NA,NA,4,4,4,4,4,4,2,4,5,4,4,2,3,1,NA,1,0,1,0,1,1,0,NA,NA,3,1,1,1,1,1,0,1,1,0,4,2,4,4,3,5,5,2,2,5,5,5,5,5,4,4,4,4,4,4,4,4,3,4,4,4,2,2,2,0,0,0,0,0,0,0,0,0,0,0,0,0,0,0,0,0,0,0,0,0,0,0,0,5,1,1,4,4,2,2,4,4,3,4,3,3
r_3ptq2nihfj31nif,1,0,70m079,1,0,1,1,0,2,49,NA,2,NA,NA,NA,NA,NA,1,1,1,1,1,3,2,4,4,4,4,4,4,4,4,4,4,2,2,1,4,NA,NA,1,NA,NA,NA,NA,NA,6,3,NA,NA,1,NA,1,NA,NA,1,1,4,3,4,4,4,4,4,4,3,4,4,4,4,4,4,4,4,4,4,4,4,4,4,4,2,4,3,3,3,0,0,0,0,0,0,0,0,0,0,0,0,0,0,0,0,0,0,0,0,0,0,0,0,2,1,4,3,3,3,4,4,3,3,4,4,3
r_3ge0hmxv6axspnh,1,1,70m042,2,0,1,0,0,2,44,NA,2,0,0,0,0,0,1,1,1,1,1,NA,2,4,4,4,4,4,4,3,4,4,4,2,1,2,NA,1,0,0,0,0,0,0,NA,NA,4,1,1,1,1,1,1,1,1,0,4,2,3,4,4,4,4,4,1,4,3,4,2,4,1,1,1,1,4,3,3,1,1,4,4,2,4,5,5,0,0,0,0,0,0,0,0,0,0,0,0,0,0,0,0,0,0,0,0,0,0,0,0,2,1,4,4,4,5,5,5,3,2,5,3,5
r_3e8l4fktwzvzn0l,0,1,50r145,0,0,0,0,0,2,35,NA,2,0,0,1,0,0,3,1,1,1,1,3,4,4,4,4,4,4,4,5,5,5,5,2,9,1,4,NA,0,0,0,0,0,0,0,17,4,1,1,1,1,1,NA,1,NA,1,4,4,5,4,4,4,4,4,4,4,4,4,4,4,4,4,4,4,4,5,5,4,4,4,4,4,4,4,4,0,0,0,0,0,0,0,0,0,0,0,0,0,0,0,0,0,0,0,0,0,0,0,0,3,1,1,4,4,4,4,4,4,4,4,4,4
r_215jlkiispokw8w,0,1,70m003,1,0,1,2,0,NA,NA,NA,NA,NA,NA,NA,NA,NA,NA,NA,NA,NA,NA,NA,NA,NA,NA,NA,NA,NA,NA,NA,NA,NA,NA,NA,NA,NA,NA,NA,NA,NA,NA,NA,NA,NA,NA,NA,NA,NA,NA,NA,NA,NA,NA,NA,NA,NA,4,4,4,4,5,4,4,5,4,4,4,4,4,NA,4,4,4,5,4,3,4,4,4,4,2,4,3,2,2,1,1,NA,NA,NA,NA,NA,NA,NA,NA,1,NA,NA,1,1,NA,1,NA,NA,NA,1,1,1,NA,3,4,4,4,4,4,3,3,2,2,2,3,2
r_20nfqysp54pgmpx,1,1,50m427,0,1,1,0,0,2,47,NA,2,NA,NA,NA,NA,NA,NA,NA,NA,2,NA,NA,4,4,3,3,4,4,5,5,5,5,5,2,1.5,2,3,5,0,0,0,0,0,0,NA,NA,2,1,1,1,1,0,NA,1,1,0,5,4,4,5,5,5,5,5,4,5,5,5,3,5,4,4,4,4,4,5,5,5,5,5,1,3,3,1,1,1,NA,NA,NA,NA,1,NA,NA,NA,NA,NA,NA,NA,NA,1,NA,NA,NA,NA,1,1,NA,1,NA,4,3,4,2,2,2,2,1,3,3,2,3,2
r_20nfqysp54pgmpx,0,1,50m427,0,1,1,0,0,2,47,NA,2,NA,NA,NA,NA,NA,NA,NA,NA,2,NA,NA,4,4,3,3,4,4,5,5,5,5,5,2,1.5,2,3,5,0,0,0,0,0,0,NA,NA,2,1,1,1,1,0,NA,1,1,0,5,4,4,5,5,5,5,5,4,5,5,5,3,5,4,4,4,4,4,5,5,5,5,5,1,3,3,1,1,1,NA,NA,NA,NA,1,NA,NA,NA,NA,NA,NA,NA,NA,1,NA,NA,NA,NA,1,1,NA,1,NA,4,3,4,2,2,2,2,1,3,3,2,3,2
r_1poomv7xfoqhiwq,1,1,70m350,3,0,1,0,0,2,68,NA,3,1,0,0,1,1,1,1,1,1,1,3,2,4,3,3,3,3,3,2,4,4,4,2,4,2,3,2,0,0,1,0,0,0,0,12,5,1,1,1,1,1,0,1,1,1,3,3,4,3,3,4,3,3,2,4,3,4,2,3,2,2,2,2,3,2,2,2,2,3,3,2,4,4,3,1,1,NA,NA,NA,NA,NA,NA,NA,NA,1,NA,NA,NA,NA,NA,NA,NA,1,NA,NA,NA,NA,NA,5,1,2,4,4,3,4,3,4,4,5,4,4
r_o9ydeux0r6jc9b3,0,1,50r251,0,0,0,0,0,2,57,NA,2,NA,NA,1,NA,NA,1,1,1,1,1,1,4,5,5,5,5,NA,1,1,1,1,1,1,4,2,3,2,0,0,0,0,0,0,0,26,2,NA,NA,NA,1,1,NA,NA,NA,NA,5,4,4,5,3,5,4,0,4,NA,5,5,5,5,5,5,3,2,2,5,5,3,3,5,4,5,5,1,1,1,1,1,1,NA,NA,NA,1,1,1,NA,1,1,1,1,NA,NA,NA,NA,NA,NA,NA,NA,NA,5,1,4,5,5,5,5,5,2,5,5,4,4
r_1ocbl1qykkztuaa,0,0,70m233,2,0,1,1,0,2,38,NA,2,NA,NA,NA,NA,NA,1,1,1,2,1,NA,4,3,3,3,3,3,2,5,5,5,5,2,1.5,1,NA,5,0,1,0,1,1,0,NA,21,4,1,1,1,1,1,0,1,1,1,3,5,3,5,0,5,5,3,5,4,3,5,5,3,3,3,3,4,3,5,5,3,5,3,1,5,4,1,1,0,0,0,0,0,0,0,0,0,0,0,0,0,0,0,0,0,0,0,0,0,0,0,0,3,1,1,4,4,4,5,5,5,4,5,5,4
r_31znovwkau27g6z,0,1,5ma240,1,1,1,1,0,2,52,NA,2,NA,NA,NA,NA,NA,NA,NA,NA,2,2,NA,4,4,3,4,4,3,4,4,4,4,5,2,12,1,4,NA,0,1,0,0,0,0,NA,32,3,1,1,1,1,1,NA,1,1,1,4,4,4,5,4,4,4,4,4,4,4,5,5,4,4,4,4,4,4,5,5,4,4,4,2,3,2,1,1,1,NA,NA,NA,1,NA,NA,NA,NA,NA,NA,NA,NA,NA,1,NA,NA,1,NA,NA,NA,1,1,NA,4,2,4,2,2,3,3,2,3,3,2,3,3
r_0ul5skrhucrfs4p,0,1,70m101,3,0,1,1,0,2,38,NA,2,0,0,1,0,0,1,1,1,1,1,NA,4,2,3,2,2,4,2,5,4,4,5,2,10,1,4,NA,0,0,0,0,0,0,NA,15,4,1,1,1,1,1,0,1,1,1,4,2,4,5,5,4,4,5,4,5,4,5,4,4,5,4,4,4,4,5,5,4,4,4,2,5,4,1,1,1,1,1,1,1,NA,NA,NA,NA,1,1,NA,NA,NA,1,NA,NA,NA,1,1,NA,1,1,NA,2,1,2,4,4,4,3,2,4,2,4,4,3
r_3em0hfmtbrohwex,0,1,70a269,3,0,1,1,0,1,42,NA,4,0,0,0,0,0,1,1,1,1,1,1,2,4,4,4,4,4,4,4,4,3,4,2,2,1,NA,1,0,0,0,0,0,0,0,17,4,1,0,1,1,1,0,1,1,1,4,3,4,4,4,4,3,3,3,4,4,4,4,4,3,3,3,4,4,3,4,3,3,3,3,3,3,3,3,0,0,0,0,0,0,0,0,0,0,0,0,0,0,0,0,0,0,0,0,0,0,0,0,3,4,4,3,3,3,4,3,3,2,2,3,3
r_1dzhnqlepcm8iaz,1,1,70a267,3,0,1,1,0,2,58,NA,4,0,0,1,0,0,1,1,1,1,1,1,2,2,2,2,2,3,1,1,2,4,3,2,2,2,NA,5,0,NA,0,0,0,0,1,4,5,1,1,1,1,1,0,1,1,1,4,NA,2,3,4,3,4,4,3,2,4,3,2,4,2,2,3,4,4,2,2,2,3,4,4,4,4,4,4,1,NA,NA,NA,NA,NA,NA,NA,NA,1,1,NA,NA,NA,NA,NA,NA,NA,1,NA,NA,NA,NA,NA,3,1,4,5,5,5,5,5,3,4,4,4,4
r_1cvlfzthndzahkk,0,1,50r313,2,1,1,1,0,1,62,NA,3,0,0,0,0,0,1,1,1,1,1,1,4,5,5,5,5,5,4,4,3,3,4,2,6,1,4,NA,0,0,0,0,0,0,1,40,2,1,1,1,1,1,1,1,1,NA,5,4,4,4,4,5,5,4,4,4,4,5,4,4,5,4,5,4,4,4,4,4,4,4,3,4,4,2,2,0,0,0,0,0,0,0,0,0,0,0,0,0,0,0,0,0,0,0,0,0,0,0,0,4,5,5,3,3,3,4,2,3,2,2,2,2
r_2tnldbuqmty8d1b,0,1,50r174,3,1,1,0,0,2,35,NA,3,0,0,0,0,0,3,1,1,2,1,3,2,4,4,4,4,4,4,4,4,4,4,2,1.5,1,4,NA,1,1,0,1,0,0,NA,14,3,1,1,1,1,1,0,1,1,1,4,2,2,4,2,4,4,2,1,4,2,4,2,2,3,2,2,2,3,2,2,2,2,2,4,4,4,4,4,1,1,1,1,1,NA,1,NA,1,1,1,1,1,1,1,NA,1,1,1,1,NA,1,1,NA,3,2,4,4,4,5,5,5,4,4,5,4,3
r_1puhg0vwet0axjl,0,1,70m252,1,0,1,0,0,2,37,NA,4,1,1,1,1,1,NA,NA,NA,2,NA,NA,2,4,2,2,2,2,3,3,3,3,3,2,1,2,4,NA,NA,1,NA,NA,1,NA,1,10,4,1,0,1,1,0,0,0,0,1,4,2,3,4,4,4,4,2,4,4,4,4,4,4,NA,NA,2,4,NA,4,4,4,4,4,3,4,4,3,3,1,1,1,NA,NA,NA,NA,NA,NA,1,1,1,NA,NA,NA,NA,NA,1,1,1,1,1,1,NA,1,1,1,5,5,5,5,5,5,5,5,5,5
r_20mcqwfgjxridss,1,1,70m063,1,0,1,0,0,2,27,NA,4,0,0,1,0,0,1,1,1,1,1,1,2,4,2,3,4,4,2,1,3,3,4,2,2,1,4,NA,0,0,0,0,0,0,0,3,3,1,1,1,1,1,1,1,1,1,4,2,3,4,3,4,4,2,2,4,4,4,1,2,3,2,3,4,4,4,5,2,2,4,5,5,5,5,5,0,0,0,0,0,0,0,0,0,0,0,0,0,0,0,0,0,0,0,0,0,0,0,0,2,1,2,4,4,5,5,5,5,5,5,5,5
r_3osjww4ilulqghs,1,1,70a318,0,0,1,1,0,2,64,NA,2,0,0,0,0,0,1,1,1,1,1,NA,4,5,3,3,3,3,2,4,5,5,5,2,3,1,3,5,0,0,0,0,0,0,NA,6,4,1,1,1,1,1,NA,NA,1,1,5,4,5,4,5,5,4,5,4,4,5,5,5,5,5,5,5,5,5,5,4,5,5,5,1,3,4,1,1,0,0,0,0,0,0,0,0,0,0,0,0,0,0,0,0,0,0,0,0,0,0,0,0,4,2,3,3,4,3,4,2,2,2,1,4,4
r_2y2jbrynqssosnz,1,1,70m237,1,0,1,2,1,2,67,NA,2,0,0,0,0,0,1,1,3,1,1,NA,4,4,4,4,4,4,3,3,4,4,5,2,6,2,NA,5,NA,1,1,NA,NA,NA,NA,44,3,1,0,1,1,0,0,0,0,0,5,4,4,4,0,4,4,0,3,5,5,4,4,4,4,4,4,3,5,4,3,4,3,5,4,4,3,2,5,0,0,0,0,0,0,0,0,0,0,0,0,0,0,0,0,0,0,0,0,0,0,0,0,3,3,2,2,2,3,3,2,5,4,2,3,3
r_9spsu0un9tdfwvd,1,1,50a244,0,1,0,0,0,2,30,NA,4,NA,NA,NA,NA,1,3,NA,NA,NA,NA,NA,4,5,4,4,4,4,4,4,4,4,4,2,0,2,NA,1,NA,1,NA,NA,NA,NA,NA,NA,4,1,1,1,1,1,NA,1,1,NA,5,4,5,5,5,5,5,5,5,5,5,5,5,5,5,5,5,5,5,4,2,5,3,5,1,5,5,1,1,0,0,0,0,0,0,0,0,0,0,0,0,0,0,0,0,0,0,0,0,0,0,0,0,5,4,5,1,1,1,1,1,1,1,1,1,1
r_1occfdnzikuyrvw,1,1,70a286,2,0,1,0,0,2,50,NA,4,0,0,0,0,0,3,1,1,1,1,NA,3,5,3,3,3,3,2,2,3,4,4,2,2,2,4,NA,0,1,0,0,0,0,0,3,4,1,1,1,1,1,1,1,1,0,3,4,4,4,1,5,3,1,4,1,2,5,4,1,3,3,3,4,2,4,4,3,3,2,3,3,2,3,3,1,NA,NA,NA,NA,NA,NA,1,1,1,1,NA,NA,NA,NA,NA,NA,NA,NA,NA,NA,NA,1,NA,2,1,2,4,4,5,4,5,4,4,5,4,4
r_2zhvh54e2ylzq6f,1,1,70a341,3,1,1,0,1,2,41,NA,4,1,1,1,1,1,1,1,1,1,1,NA,4,3,3,3,3,3,4,4,4,4,5,2,1.5,2,NA,2,0,0,0,0,0,0,0,NA,6,1,1,1,1,1,0,1,1,0,5,5,5,5,3,5,5,2,5,5,5,5,5,3,4,4,4,4,4,3,4,4,3,4,2,4,2,1,1,0,0,0,0,0,0,0,0,0,0,0,0,0,0,0,0,0,0,0,0,0,0,0,0,3,1,3,2,2,2,4,2,2,3,3,2,2
r_3m3ogcuihppnauo,0,1,50r393,1,1,1,0,1,2,43,NA,1,NA,NA,NA,NA,NA,NA,NA,NA,NA,NA,NA,3,5,3,4,4,4,4,5,5,5,5,2,2017,2,NA,2,1,NA,NA,1,NA,1,NA,20,4,1,1,1,1,1,NA,1,1,NA,5,5,5,5,5,5,5,5,5,5,5,5,5,5,4,4,4,4,4,4,3,4,3,5,1,3,1,1,1,0,0,0,0,0,0,0,0,0,0,0,0,0,0,0,0,0,0,0,0,0,0,0,0,3,2,5,4,4,3,3,3,3,2,2,2,2
r_31hjh8dgndidss6,1,1,70a214,3,0,1,0,1,2,42,NA,1,1,NA,NA,1,NA,NA,NA,NA,NA,NA,2,3,5,4,4,4,4,5,5,5,5,5,2,2017,2,3,2,1,NA,1,1,NA,1,NA,20,5,1,1,1,1,1,NA,1,1,NA,5,5,5,5,5,5,5,5,5,5,5,5,5,5,4,4,4,5,5,5,2,5,2,5,1,1,1,1,1,0,0,0,0,0,0,0,0,0,0,0,0,0,0,0,0,0,0,0,0,0,0,0,0,3,5,5,3,3,2,2,2,2,2,2,2,2
r_279vvt9l7n8pydy,1,1,50r410,0,0,1,0,0,2,38,NA,3,0,0,0,1,1,3,NA,NA,NA,NA,NA,4,4,4,2,3,4,3,4,4,4,4,2,6,2,NA,2,1,1,1,1,0,0,NA,18,4,1,1,1,1,0,0,1,1,0,5,5,4,4,3,4,4,3,5,4,4,4,4,4,4,4,4,4,4,4,3,3,4,4,2,3,4,3,3,1,NA,1,1,1,NA,NA,1,NA,NA,1,NA,NA,NA,1,NA,1,NA,NA,1,NA,NA,1,NA,3,2,4,2,2,4,4,2,4,3,4,4,4
r_agtbwv9mryirgyf,0,1,50r451,2,0,1,0,0,2,50,NA,1,NA,NA,NA,NA,NA,NA,NA,NA,NA,NA,NA,4,3,3,2,3,3,2,4,4,3,4,2,3,2,3,5,0,0,0,0,0,0,NA,22,3,1,NA,1,1,1,NA,1,NA,NA,4,4,4,4,5,3,3,5,4,3,4,4,2,4,5,5,5,5,5,4,4,4,4,4,2,3,4,2,2,1,1,NA,1,1,NA,NA,NA,NA,1,1,NA,NA,NA,NA,NA,NA,NA,NA,NA,NA,NA,NA,NA,3,1,2,3,4,4,4,3,4,4,5,4,4
r_1buxxy6gkf59v5h,0,1,70m061,2,0,1,2,0,2,48,NA,1,NA,NA,NA,NA,NA,NA,NA,NA,NA,NA,NA,4,4,4,4,4,4,4,4,4,4,5,2,9,1,4,NA,NA,1,NA,NA,NA,NA,NA,30,3,1,1,1,1,1,NA,1,1,1,4,4,4,5,5,5,4,5,4,5,4,5,4,5,4,4,4,5,4,4,5,4,4,4,4,4,4,3,3,0,0,0,0,0,0,0,0,0,0,0,0,0,0,0,0,0,0,0,0,0,0,0,0,3,1,2,4,4,4,5,5,4,5,5,4,5
r_2bibfrosaqwklal,0,1,50m218,1,0,1,0,0,2,69,NA,2,0,0,0,0,0,3,1,1,1,1,NA,4,4,4,4,4,4,4,2,5,5,5,1,20,1,4,NA,0,0,0,0,0,0,1,29,3,0,0,1,1,1,0,1,0,0,5,5,4,4,0,5,4,0,5,5,5,5,4,0,5,4,4,4,5,5,5,4,4,5,1,5,1,1,1,0,0,0,0,0,0,0,0,0,0,0,0,0,0,0,0,0,0,0,0,0,0,0,0,4,2,4,4,4,4,2,2,2,2,3,2,2
r_1op07aqzjuek4qq,1,1,70m210,2,0,1,0,0,2,45,NA,2,NA,NA,NA,NA,NA,1,1,1,2,1,NA,3,4,3,3,3,3,3,3,4,4,5,2,2,2,NA,2,0,1,0,0,0,0,1,25,3,0,0,1,1,1,0,0,0,0,4,4,4,5,5,4,4,5,4,4,4,4,4,4,4,5,5,5,4,4,5,4,4,3,2,4,4,1,1,0,0,0,0,0,0,0,0,0,0,0,0,0,0,0,0,0,0,0,0,0,0,0,0,3,2,4,2,2,2,2,2,2,2,4,2,2
r_2pjobofo5udmmh9,0,1,50r408,0,0,1,2,0,2,47,NA,1,NA,NA,NA,NA,NA,3,1,1,2,2,NA,4,5,3,3,3,3,3,4,4,4,5,2,6,2,4,NA,1,1,1,1,1,1,1,NA,2,0,0,1,1,1,0,0,0,0,4,0,4,4,5,4,4,5,4,4,4,4,4,4,5,5,5,5,5,5,5,5,5,4,2,5,4,2,2,0,0,0,0,0,0,0,0,0,0,0,0,0,0,0,0,0,0,0,0,0,0,0,0,4,2,5,2,2,3,3,3,3,2,5,2,2
r_2zulevdrtedklnl,1,1,70m074,3,0,1,0,1,2,50,NA,4,1,1,1,1,0,1,1,1,1,1,NA,4,4,3,3,4,2,3,2,3,3,4,2,2,2,NA,5,0,1,0,0,0,0,NA,7,4,1,0,1,1,1,0,1,1,0,5,5,4,5,5,5,4,5,5,5,5,4,2,3,4,4,4,4,5,4,5,4,3,4,3,2,2,3,3,1,1,NA,1,1,NA,1,NA,1,NA,1,NA,NA,NA,1,NA,NA,NA,1,1,NA,NA,NA,NA,4,2,3,4,5,5,5,4,4,3,4,5,4
r_qyfrn6xwqlol2ir,1,1,50r080,1,1,1,0,1,2,63,NA,4,1,1,1,1,1,NA,NA,NA,1,NA,3,4,4,3,4,4,4,3,2,5,5,5,2,20,1,4,NA,1,1,NA,1,NA,NA,NA,30,4,1,NA,1,1,0,1,1,1,0,5,5,5,5,5,5,5,5,5,5,5,5,5,5,5,5,5,5,5,5,5,5,5,5,1,5,4,3,5,0,0,0,0,0,0,0,0,0,0,0,0,0,0,0,0,0,0,0,0,0,0,0,0,5,2,4,2,2,2,2,2,4,2,3,2,2
r_2tfzaqjepirus64,0,1,50r085,1,0,0,1,0,2,51,NA,2,NA,NA,NA,NA,NA,NA,NA,NA,2,2,3,2,4,3,3,4,4,4,3,4,4,4,2,1,2,4,NA,NA,NA,NA,NA,NA,NA,1,28,3,1,1,1,1,0,0,0,0,0,4,4,4,4,4,5,4,4,4,5,4,5,3,4,4,4,4,4,4,4,4,3,3,4,2,4,4,2,2,1,1,NA,1,1,NA,NA,NA,NA,NA,NA,NA,NA,NA,NA,NA,NA,1,NA,NA,NA,NA,1,NA,3,2,3,3,4,3,3,4,3,4,2,3,2
r_3flfohgyy22edcw,1,1,70m065,1,0,1,1,0,2,46,NA,2,NA,NA,NA,NA,NA,NA,NA,NA,2,NA,3,4,5,4,3,3,4,4,2,4,4,5,2,8,1,4,NA,1,1,0,1,0,0,0,NA,2,0,0,1,1,1,0,1,NA,NA,4,3,4,4,4,5,4,4,2,4,3,5,5,3,5,4,5,4,4,5,4,4,5,4,3,5,4,2,1,NA,0,0,0,0,0,0,0,0,0,0,0,0,0,0,0,0,0,0,0,0,0,0,0,4,2,4,2,4,4,4,4,4,2,4,3,2
r_3flfohgyy22edcw,1,1,70m065,1,0,1,1,0,2,46,NA,2,NA,NA,NA,NA,NA,NA,NA,NA,2,NA,3,4,5,4,3,3,4,4,2,4,4,5,2,8,1,4,NA,1,1,0,1,0,0,0,NA,2,0,0,1,1,1,0,1,NA,NA,4,3,4,4,4,5,4,4,2,4,3,5,5,3,5,4,5,4,4,5,4,4,5,4,3,5,4,2,1,NA,0,0,0,0,0,0,0,0,0,0,0,0,0,0,0,0,0,0,0,0,0,0,0,4,2,4,2,4,4,4,4,4,2,4,3,2
r_1mrkdnpord5lpfh,0,1,50r367,1,1,1,1,0,2,35,NA,3,1,1,1,1,1,3,1,3,3,3,1,2,5,5,5,5,5,5,4,3,3,3,2,1,2,3,5,1,1,0,1,0,0,0,20,4,1,1,1,1,1,1,1,1,1,5,4,5,5,5,5,5,5,5,5,5,5,5,5,4,4,4,4,4,4,4,4,4,4,4,4,4,4,4,0,0,0,0,0,0,0,0,0,0,0,0,0,0,0,0,0,0,0,0,0,0,0,0,5,4,4,3,3,4,5,3,3,3,3,3,3
r_3lpkzyizwedf3ud,0,1,70m068,3,0,1,1,0,2,53,NA,3,0,0,0,0,0,1,1,1,1,1,3,4,4,4,4,4,4,3,2,3,3,4,2,2.5,1,4,NA,0,0,0,0,0,0,0,10,4,1,1,1,1,1,0,1,1,1,4,5,4,4,4,4,4,4,5,5,5,5,4,4,4,4,4,4,4,4,3,4,3,4,2,3,2,2,2,1,1,NA,1,1,1,1,1,1,NA,1,1,NA,NA,1,NA,NA,1,1,1,1,NA,1,NA,3,3,5,3,3,3,4,2,3,2,2,2,2
r_02js6ynyojmcevj,1,1,70m228,2,0,1,1,0,2,41,NA,4,0,0,0,0,0,NA,NA,NA,NA,NA,3,4,4,2,4,3,2,2,3,4,4,5,2,1,2,3,5,0,0,0,0,0,0,0,6,6,1,1,1,1,1,NA,1,1,1,4,5,5,5,5,5,5,5,5,5,4,5,5,4,4,4,4,4,4,4,5,4,4,4,2,4,4,1,1,1,1,NA,NA,NA,1,NA,NA,1,NA,NA,NA,NA,NA,NA,NA,NA,NA,NA,NA,1,NA,1,1,4,3,4,3,3,2,4,3,2,1,2,1,1
r_3j3gpsuwo8j7tj7,1,1,70m225,3,0,1,1,0,2,38,NA,2,1,1,1,0,0,1,1,1,1,1,3,4,5,3,3,3,4,2,2,3,4,4,2,3,1,NA,5,NA,NA,NA,1,NA,NA,NA,5,3,1,1,1,1,1,NA,1,1,1,4,4,5,5,4,5,5,3,3,4,3,5,3,2,4,3,4,4,3,4,5,3,2,2,2,5,4,1,2,1,NA,NA,NA,NA,NA,NA,NA,1,NA,NA,NA,NA,1,NA,NA,NA,NA,NA,NA,NA,NA,NA,NA,3,1,4,2,2,4,4,5,2,4,5,2,2
r_6au17uthqikblvz,0,1,50m092,1,0,0,0,0,2,64,NA,1,NA,NA,NA,NA,NA,NA,NA,NA,NA,NA,NA,4,5,4,5,5,5,5,3,5,5,5,2,10,1,4,NA,0,0,0,0,0,0,0,NA,2,0,0,1,1,0,0,0,0,0,5,2,3,5,4,4,4,3,1,3,5,5,5,5,4,3,3,4,4,4,4,3,3,5,3,4,4,1,3,0,0,0,0,0,0,0,0,0,0,0,0,0,0,0,0,0,0,0,0,0,0,0,0,3,1,4,4,4,5,5,5,5,5,5,4,4
r_dujm5qowiva8rjv,0,1,70a302,3,0,1,1,0,2,67,NA,1,NA,NA,NA,NA,NA,NA,NA,NA,NA,NA,3,4,5,4,5,4,4,4,4,4,5,5,2,13,2,NA,1,0,0,0,0,0,0,0,NA,3,1,0,1,1,1,0,1,1,1,4,3,5,5,5,5,5,4,3,5,4,5,5,5,5,5,5,4,4,4,5,4,4,4,2,5,4,1,1,0,0,0,0,0,0,0,0,0,0,0,0,0,0,0,0,0,0,0,0,0,0,0,0,5,4,5,2,2,3,3,2,2,2,3,2,2
r_2ef5g5g8jltddbx,0,1,50r091,3,0,1,0,1,2,44,NA,3,1,1,1,1,1,NA,NA,3,NA,NA,NA,2,4,2,4,4,4,4,4,4,4,4,2,1.5,1,4,NA,NA,1,1,NA,1,NA,NA,20,4,1,1,1,1,1,0,1,1,0,5,3,4,5,5,4,4,4,3,4,4,4,3,4,4,4,4,4,4,4,5,4,4,4,3,3,3,3,3,0,0,0,0,0,0,0,0,0,0,0,0,0,0,0,0,0,0,0,0,0,0,0,0,5,1,5,3,3,4,3,4,4,3,5,3,4
r_1ewzkrujplhgber,0,1,70m023,3,0,1,0,1,2,25,NA,5,1,1,0,1,1,1,1,1,1,1,3,2,4,2,3,4,4,4,3,1,1,5,2,1,2,4,NA,0,0,1,1,0,0,1,7,3,1,1,1,0,1,0,1,1,NA,5,2,3,3,4,2,2,3,3,4,4,3,2,3,3,4,3,4,4,2,4,4,3,4,3,5,5,3,3,1,NA,NA,NA,NA,1,1,NA,NA,1,NA,NA,NA,NA,1,1,1,1,NA,1,1,NA,NA,NA,1,1,1,5,5,5,5,3,5,5,5,5,5
r_2fyywq5bkkwydwl,0,1,70a304,3,0,0,0,0,2,67,NA,2,NA,NA,NA,NA,NA,NA,NA,NA,NA,NA,3,4,1,1,1,1,1,5,5,5,5,5,2,1,2,3,5,NA,NA,NA,NA,NA,NA,NA,20,4,1,1,1,NA,1,NA,1,1,1,5,4,5,5,5,5,5,5,4,5,5,5,4,5,5,4,4,5,5,3,3,4,3,5,3,4,4,4,4,1,1,NA,NA,NA,NA,NA,NA,NA,NA,NA,NA,NA,NA,NA,NA,NA,NA,NA,NA,NA,NA,NA,NA,3,2,3,5,5,5,5,5,5,5,5,4,4
r_10tznsx7bunc39d,0,1,50m096,0,0,1,0,1,2,61,NA,5,1,NA,1,NA,1,1,3,1,2,NA,NA,4,4,3,3,3,3,3,2,5,4,5,2,4,2,4,NA,0,1,0,0,1,0,1,30,5,1,1,1,1,0,0,1,1,NA,5,4,5,5,5,4,5,3,4,5,3,5,5,3,5,5,5,5,5,5,5,5,4,4,2,4,4,4,4,0,0,0,0,0,0,0,0,0,0,0,0,0,0,0,0,0,0,0,0,0,0,0,0,5,3,5,2,2,2,2,2,4,2,2,2,2
r_1i4zkaodzdrqxv2,0,1,70a264,3,0,1,0,0,2,32,NA,5,1,1,1,1,1,3,3,NA,2,NA,NA,4,4,4,4,4,4,4,4,4,4,4,2,4,2,3,2,NA,1,NA,NA,NA,NA,NA,12,5,1,1,1,1,1,NA,1,1,1,4,4,4,5,4,5,4,2,4,4,3,4,4,3,4,3,3,3,4,4,4,4,4,4,3,4,3,4,4,1,1,NA,NA,NA,1,NA,NA,1,1,NA,NA,NA,1,1,NA,NA,NA,NA,NA,NA,NA,NA,NA,3,1,2,5,5,5,5,5,5,5,5,4,4
r_3djbjzywjuz6cwu,0,1,5ma213,1,1,1,0,0,2,32,NA,2,0,0,0,0,0,3,1,1,1,1,1,2,5,4,4,4,5,4,5,5,5,5,2,1,2,4,NA,0,1,0,0,0,0,0,10,2,1,1,1,1,1,0,0,1,NA,5,5,4,3,5,4,4,5,3,4,3,4,4,4,4,5,4,5,3,4,4,4,4,4,2,4,3,2,2,1,1,NA,1,1,NA,NA,1,NA,NA,1,NA,NA,NA,NA,NA,NA,NA,1,1,NA,1,1,NA,4,2,4,3,3,3,3,3,3,3,3,3,3
r_1dh9lvyyghlxi6a,0,1,50r300,0,1,1,0,0,2,41,NA,3,1,1,1,0,0,1,1,1,2,1,1,4,5,4,4,4,4,4,4,5,5,5,2,2,2,NA,5,1,0,0,0,0,0,0,23,3,1,1,1,1,1,0,0,0,NA,5,4,4,5,4,5,5,4,4,4,4,5,4,4,4,4,4,5,4,4,4,4,4,3,1,3,2,1,1,1,NA,1,1,NA,NA,NA,1,NA,NA,1,NA,NA,NA,NA,NA,NA,NA,NA,NA,1,NA,1,NA,4,1,4,3,3,3,4,4,3,3,4,3,3
r_23vtv2ysvcviyjw,1,1,5ma170,2,1,1,1,0,2,42,NA,2,NA,NA,NA,NA,NA,NA,NA,NA,NA,NA,3,4,1,3,2,3,3,2,2,2,3,5,2,0.08,2,NA,2,1,1,NA,1,NA,NA,NA,24,4,1,NA,1,1,1,0,NA,NA,1,3,4,2,5,4,4,5,3,3,4,3,5,2,2,2,3,3,3,3,2,5,3,2,4,2,5,4,3,3,0,0,0,0,0,0,0,0,0,0,0,0,0,0,0,0,0,0,0,0,0,0,0,0,3,2,4,4,3,4,5,3,4,4,4,2,4
r_3maurj2xznkekvl,1,1,5ma107,3,1,1,0,0,2,42,NA,4,0,1,1,0,0,1,1,1,1,1,NA,4,4,4,4,4,4,4,3,4,4,4,2,1.5,1,4,NA,0,0,0,0,0,0,0,10,4,1,1,1,0,1,0,1,1,1,4,3,4,4,4,4,4,4,3,4,4,4,4,4,4,4,3,4,4,4,4,4,3,3,1,3,3,1,1,0,0,0,0,0,0,0,0,0,0,0,0,0,0,0,0,0,0,0,0,0,0,0,0,3,3,4,4,4,4,4,4,2,1,4,1,3
r_333j3zmi13xtj82,1,1,50r439,0,0,0,0,0,1,24,NA,4,0,0,0,0,0,NA,NA,NA,NA,NA,NA,1,5,3,3,4,4,3,3,3,3,3,1,0.5,1,4,NA,1,0,0,1,1,0,NA,2,7,1,0,0,1,1,0,1,0,1,5,5,5,5,5,5,5,5,5,5,5,5,5,5,5,5,5,5,5,5,5,5,5,5,1,1,5,1,1,0,0,0,0,0,0,0,0,0,0,0,0,0,0,0,0,0,0,0,0,0,0,0,0,3,1,5,5,5,5,5,5,5,1,5,5,1
r_tnf64tmwajrxxoz,1,1,70m230,3,0,1,1,0,2,35,NA,2,0,0,0,0,0,1,1,1,1,1,1,4,4,4,4,4,3,3,3,3,4,4,2,3,1,3,3,0,0,0,0,0,0,0,16,2,1,1,1,1,1,0,1,1,1,3,3,3,5,4,5,5,4,2,5,3,5,4,4,5,5,5,5,4,5,4,4,4,4,1,5,5,1,1,1,NA,NA,1,NA,NA,NA,NA,NA,NA,1,NA,NA,NA,NA,NA,NA,1,1,1,NA,NA,NA,NA,4,2,5,2,2,3,2,3,2,1,4,2,3
r_d4fyuewv6qrivgj,1,1,70a293,1,0,1,2,1,2,61,NA,2,NA,NA,NA,NA,NA,NA,NA,NA,NA,NA,NA,1,4,4,4,4,4,3,2,2,2,5,2,7,1,4,NA,0,1,0,0,0,0,0,40,3,1,0,1,1,1,0,1,1,0,4,2,5,4,2,5,4,2,1,4,4,5,4,3,4,4,4,4,5,5,4,3,4,4,1,3,1,1,1,1,NA,1,1,1,NA,NA,NA,NA,1,1,NA,NA,NA,1,1,NA,NA,NA,NA,NA,NA,1,NA,3,2,4,1,1,4,4,4,4,4,2,5,5
r_1lgat5rlu8v0m34,1,1,50r375,1,0,1,0,0,2,59,NA,3,0,0,0,0,1,1,1,1,1,1,NA,3,5,5,5,5,5,4,4,4,4,4,2,1,1,NA,5,0,0,1,0,1,0,0,22,4,1,1,1,1,1,NA,1,1,NA,4,4,5,4,3,4,4,4,4,4,4,4,4,4,4,4,4,4,3,4,4,4,4,3,2,3,4,2,3,1,1,1,1,NA,NA,1,1,1,1,1,1,1,1,NA,1,1,NA,1,NA,NA,NA,1,NA,4,4,4,3,3,3,4,2,3,2,4,4,2
r_3r3gxg2hfivba5a,0,1,50a149,2,1,0,0,0,2,54,NA,2,0,0,0,1,1,3,1,1,2,2,2,4,5,5,5,5,5,1,4,4,1,1,2,12,2,4,NA,1,1,1,1,1,0,1,36,4,1,0,1,1,1,0,1,1,0,4,4,4,5,5,5,5,5,4,5,4,5,5,4,5,5,5,5,4,5,4,4,5,5,1,5,1,1,1,0,0,0,0,0,0,0,0,0,0,0,0,0,0,0,0,0,0,0,0,0,0,0,0,4,1,4,3,4,4,3,3,3,4,4,4,4
r_2cpwy65catj3z5m,0,1,5ma031,3,1,1,0,0,2,29,NA,3,0,0,0,0,1,1,1,1,1,1,2,4,4,3,3,3,3,2,2,5,4,5,2,2,2,3,5,0,0,0,1,0,0,1,NA,4,1,1,1,1,1,NA,1,1,1,5,5,5,5,5,5,5,5,5,5,5,5,4,3,5,4,4,4,3,3,5,5,4,4,1,2,2,1,1,1,NA,NA,NA,NA,NA,NA,NA,NA,NA,NA,NA,NA,NA,NA,NA,NA,NA,NA,NA,NA,NA,NA,1,4,2,5,1,4,3,1,1,1,1,4,3,1
r_299toapi0ocowik,0,1,50r287,0,1,1,0,0,2,26,NA,1,NA,NA,NA,NA,NA,NA,NA,NA,NA,NA,NA,2,5,5,5,5,5,5,5,5,5,5,2,2,1,4,NA,0,0,0,0,0,0,0,NA,2,1,1,1,NA,1,NA,1,NA,NA,4,0,5,5,5,4,4,5,4,4,5,4,4,4,5,5,5,5,5,5,5,5,5,5,3,4,3,2,1,1,1,1,1,NA,NA,1,NA,NA,NA,NA,NA,NA,1,NA,NA,NA,NA,1,1,NA,NA,NA,NA,4,1,2,4,3,4,4,3,4,3,4,4,4
r_olnonmz0naaai89,0,1,70m010,1,0,1,1,0,1,46,NA,2,0,0,0,0,1,1,1,1,1,1,3,3,4,4,4,4,4,3,3,4,4,4,2,1,1,4,NA,0,0,0,0,0,0,0,0,3,1,1,1,1,1,NA,1,1,1,3,3,3,4,4,5,4,3,4,4,3,5,5,3,4,3,4,4,3,4,3,4,4,4,3,2,2,3,3,1,1,NA,1,NA,NA,NA,NA,NA,NA,NA,NA,NA,NA,1,NA,NA,NA,NA,NA,1,NA,NA,NA,2,2,3,3,3,3,5,5,4,4,5,5,3
r_3ybsbsdcpz7cpvh,0,1,70a076,3,0,1,0,0,2,41,NA,2,0,0,1,NA,NA,1,1,1,1,1,NA,3,3,3,3,2,3,4,4,4,4,4,2,1,2,NA,1,0,0,0,1,0,0,0,20,4,1,0,1,1,1,NA,1,1,1,4,3,3,4,5,4,5,4,4,4,4,4,4,4,4,3,3,3,4,4,4,4,3,5,1,5,4,1,1,1,1,NA,NA,NA,NA,NA,NA,NA,NA,NA,NA,NA,NA,1,NA,NA,NA,NA,NA,NA,NA,NA,NA,2,1,4,4,4,3,5,5,3,2,4,4,4
r_3ofmxmbynpsvwox,1,1,50m132,2,1,1,0,0,2,34,NA,3,1,0,0,0,0,1,1,1,1,1,1,2,4,4,4,4,4,4,4,4,4,4,2,0,2,NA,2,0,0,1,1,0,0,0,15,3,1,1,1,1,1,0,0,1,1,NA,NA,NA,NA,NA,NA,NA,NA,NA,NA,NA,NA,NA,NA,5,5,4,4,4,5,4,4,4,4,2,4,2,2,2,0,0,0,0,0,0,0,0,0,0,0,0,0,0,0,0,0,0,0,0,0,0,0,0,4,1,4,4,4,4,4,4,4,4,4,1,1
r_1f25grt9qhle77x,1,1,50m429,1,0,1,0,0,2,45,NA,4,1,1,1,0,0,1,1,1,1,1,NA,2,5,5,5,5,5,5,5,4,5,5,1,5,2,NA,5,1,0,0,0,0,0,NA,10,4,1,1,1,1,1,NA,1,1,NA,4,4,5,5,5,4,5,4,4,5,4,5,5,5,4,5,5,5,5,4,4,5,4,4,2,1,3,3,3,1,1,NA,1,NA,1,1,NA,1,1,1,NA,1,1,1,NA,1,NA,1,1,NA,NA,1,NA,3,1,4,4,5,5,5,5,4,4,4,4,2
r_baqqmvczuv5x7rz,1,1,50r445,2,1,1,0,0,2,33,NA,1,NA,NA,NA,NA,NA,NA,NA,NA,NA,NA,NA,2,4,3,3,3,3,4,3,3,4,4,2,2,1,4,NA,0,0,0,0,0,0,1,13,4,1,1,1,1,1,NA,0,1,1,3,3,3,3,3,3,3,3,3,3,3,3,3,3,3,3,3,3,3,4,4,3,3,4,3,3,3,3,3,0,0,0,0,0,0,0,0,0,0,0,0,0,0,0,0,0,0,0,0,0,0,0,0,3,1,1,4,4,3,4,5,4,4,5,4,5
r_9zndpp2nfz5nhxj,1,1,50r355,0,0,1,0,0,2,47,NA,4,1,0,1,1,1,3,1,1,1,1,2,4,4,3,3,3,2,2,2,3,2,3,2,2.5,2,NA,3,0,0,0,0,0,0,1,6,3,1,1,1,1,1,0,1,0,0,4,2,2,2,4,3,2,3,2,4,3,4,3,3,4,3,3,4,4,3,2,3,3,4,3,2,4,4,4,1,NA,NA,1,1,NA,NA,1,1,1,1,NA,NA,NA,1,NA,1,1,NA,1,NA,NA,1,NA,3,2,3,2,4,2,5,5,4,3,4,4,4
r_dcm0uzobmmwzbnr,0,1,70m080,3,0,1,0,1,2,59,NA,4,0,0,0,0,0,1,1,1,1,1,3,2,4,3,2,2,2,3,4,1,4,4,2,1,2,3,2,0,0,0,0,0,0,0,21,5,1,1,1,1,1,1,1,1,0,3,4,3,4,2,3,3,3,4,1,3,4,4,2,3,4,4,4,3,2,4,3,2,4,4,3,4,3,3,1,1,NA,NA,1,NA,NA,NA,NA,NA,NA,NA,NA,NA,NA,NA,NA,1,NA,NA,NA,NA,NA,NA,2,1,2,2,4,2,3,3,5,4,4,4,3
r_bcveuma1xnpigoj,1,1,70m081,3,0,1,0,0,2,53,NA,1,NA,NA,NA,NA,NA,3,NA,NA,NA,NA,NA,2,5,5,5,5,5,5,4,5,5,5,2,1.5,2,4,NA,0,0,0,0,0,0,1,NA,3,1,1,1,1,1,0,1,0,0,4,4,5,5,5,5,5,5,4,5,4,5,5,5,5,5,5,5,5,5,5,5,5,5,1,5,4,1,1,0,0,0,0,0,0,0,0,0,0,0,0,0,0,0,0,0,0,0,0,0,0,0,0,4,4,4,4,2,4,2,1,4,1,2,2,4
r_aikvks3pnixn6zb,0,1,50r370,0,1,1,0,0,2,48,NA,1,0,0,0,0,0,1,1,1,1,1,1,4,5,5,5,5,5,5,5,5,5,5,2,6,1,NA,5,0,0,0,1,0,0,NA,17,2,0,0,1,1,1,0,0,0,0,4,4,4,5,5,5,5,5,5,5,4,5,5,5,5,5,5,5,4,5,5,5,5,4,3,5,5,1,1,0,0,0,0,0,0,0,0,0,0,0,0,0,0,0,0,0,0,0,0,0,0,0,0,4,2,4,1,1,1,2,2,2,1,3,1,1
r_42t8wptgpqerovb,0,1,70m254,3,0,1,1,0,2,45,NA,2,0,0,0,0,0,1,1,1,1,1,NA,4,5,4,4,4,3,3,3,5,5,5,2,3,2,NA,5,0,0,0,0,0,0,0,NA,4,1,1,1,NA,NA,NA,1,NA,1,3,3,4,5,5,4,5,5,3,5,3,4,4,4,4,5,5,5,3,5,5,4,3,3,3,4,4,1,1,0,0,0,0,0,0,0,0,0,0,0,0,0,0,0,0,0,0,0,0,0,0,0,0,3,1,1,2,2,2,3,1,4,4,4,3,4
r_238k99gjtuhrixb,1,1,5ma151,2,1,1,0,0,2,42,NA,1,NA,NA,NA,NA,NA,3,NA,NA,NA,NA,NA,4,5,5,5,5,5,4,4,5,5,5,2,17,1,NA,1,NA,NA,NA,NA,NA,NA,1,21,4,1,1,1,1,1,NA,1,1,1,5,5,5,5,5,5,5,5,4,4,5,5,5,5,5,5,5,5,5,5,5,5,5,5,1,5,1,1,1,0,0,0,0,0,0,0,0,0,0,0,0,0,0,0,0,0,0,0,0,0,0,0,0,3,2,3,3,3,3,4,3,4,1,4,3,3
r_238k99gjtuhrixb,0,1,5ma151,2,1,1,0,0,2,42,NA,1,NA,NA,NA,NA,NA,3,NA,NA,NA,NA,NA,4,5,5,5,5,5,4,4,5,5,5,2,17,1,NA,1,NA,NA,NA,NA,NA,NA,1,21,4,1,1,1,1,1,NA,1,1,1,5,5,5,5,5,5,5,5,4,4,5,5,5,5,5,5,5,5,5,5,5,5,5,5,1,5,1,1,1,0,0,0,0,0,0,0,0,0,0,0,0,0,0,0,0,0,0,0,0,0,0,0,0,3,2,3,3,3,3,4,3,4,1,4,3,3
r_su43skfrbe5j8n7,0,1,5ma223,2,1,1,0,0,2,49,NA,4,1,0,1,0,1,1,1,1,1,1,1,1,5,5,5,5,5,5,5,5,5,5,2,0,1,4,NA,0,1,0,0,0,0,0,6,4,1,0,1,1,1,0,1,1,1,5,5,5,5,5,5,5,5,5,5,5,5,5,5,5,5,5,5,5,5,5,5,5,5,1,5,1,1,1,0,0,0,0,0,0,0,0,0,0,0,0,0,0,0,0,0,0,0,0,0,0,0,0,5,2,5,1,1,1,1,1,1,1,5,1,1
r_24is9ddahzpbegm,0,1,70m253,2,0,1,0,0,2,52,NA,3,0,0,0,0,0,1,1,1,2,1,1,4,3,2,2,3,2,2,2,2,2,4,2,6,1,4,NA,0,1,0,0,0,0,0,20,3,1,1,1,1,0,0,1,1,0,4,4,4,4,4,4,4,4,3,4,4,4,4,4,4,3,3,4,3,3,4,3,3,4,3,3,3,3,3,1,NA,NA,1,1,NA,NA,NA,NA,1,1,NA,NA,NA,1,NA,NA,NA,1,1,NA,NA,1,NA,4,1,3,4,4,4,5,5,4,3,4,3,3
r_27bvvnqqotclfkk,0,1,70a265,2,0,1,1,0,2,60,NA,2,NA,NA,NA,NA,NA,NA,NA,NA,NA,NA,NA,2,3,2,4,3,3,4,4,4,5,5,2,6,1,4,NA,NA,NA,NA,1,NA,NA,NA,20,3,0,0,1,1,0,1,0,0,0,5,3,4,4,5,4,5,3,4,5,4,4,4,4,5,5,5,5,5,4,3,4,4,5,1,4,2,5,5,1,1,1,1,NA,NA,NA,1,NA,1,1,1,1,1,1,1,1,1,1,1,NA,1,1,NA,4,1,4,3,4,4,5,4,5,3,5,4,4
r_3s7kxnbhlaxsft5,1,1,70a316,3,0,1,1,0,2,57,NA,1,NA,NA,NA,NA,NA,1,1,1,1,1,2,2,4,4,4,4,4,3,4,4,4,4,2,1,1,4,NA,0,0,0,1,0,0,1,9,4,1,1,1,1,1,0,1,1,1,4,4,4,5,5,5,5,4,4,4,4,4,5,5,5,5,5,5,5,4,3,5,5,5,3,3,3,2,2,0,0,0,0,0,0,0,0,0,0,0,0,0,0,0,0,0,0,0,0,0,0,0,0,5,4,4,4,4,3,2,2,2,2,4,2,4
r_3s7kxnbhlaxsft5,1,1,70a316,3,0,1,1,0,2,57,NA,1,NA,NA,NA,NA,NA,1,1,1,1,1,2,2,4,4,4,4,4,3,4,4,4,4,2,1,1,4,NA,0,0,0,1,0,0,1,9,4,1,1,1,1,1,0,1,1,1,4,4,4,5,5,5,5,4,4,4,4,4,5,5,5,5,5,5,5,4,3,5,5,5,3,3,3,2,2,0,0,0,0,0,0,0,0,0,0,0,0,0,0,0,0,0,0,0,0,0,0,0,0,5,4,4,4,4,3,2,2,2,2,4,2,4
r_3s7kxnbhlaxsft5,0,1,70a316,3,0,1,1,0,2,57,NA,1,NA,NA,NA,NA,NA,1,1,1,1,1,2,2,4,4,4,4,4,3,4,4,4,4,2,1,1,4,NA,0,0,0,1,0,0,1,9,4,1,1,1,1,1,0,1,1,1,4,4,4,5,5,5,5,4,4,4,4,4,5,5,5,5,5,5,5,4,3,5,5,5,3,3,3,2,2,0,0,0,0,0,0,0,0,0,0,0,0,0,0,0,0,0,0,0,0,0,0,0,0,5,4,4,4,4,3,2,2,2,2,4,2,4
r_1lip5izjgekaioo,1,1,50r368,1,1,1,1,0,2,31,NA,1,0,0,0,0,0,3,NA,NA,NA,NA,NA,2,5,5,5,5,5,4,4,4,4,4,2,NA,1,4,NA,0,1,0,0,0,0,0,12,2,1,NA,1,1,1,NA,1,1,NA,4,3,5,5,5,5,5,5,5,5,5,5,5,5,4,4,4,4,4,4,4,4,4,4,2,4,2,2,2,0,0,0,0,0,0,0,0,0,0,0,0,0,0,0,0,0,0,0,0,0,0,0,0,3,3,5,2,2,2,2,2,2,2,3,2,2
r_1lip5izjgekaioo,1,1,50r368,1,1,1,1,0,2,31,NA,1,0,0,0,0,0,3,NA,NA,NA,NA,NA,2,5,5,5,5,5,4,4,4,4,4,2,NA,1,4,NA,0,1,0,0,0,0,0,12,2,1,NA,1,1,1,NA,1,1,NA,4,3,5,5,5,5,5,5,5,5,5,5,5,5,4,4,4,4,4,4,4,4,4,4,2,4,2,2,2,0,0,0,0,0,0,0,0,0,0,0,0,0,0,0,0,0,0,0,0,0,0,0,0,3,3,5,2,2,2,2,2,2,2,3,2,2
r_2fnrejkyb4rba3d,1,1,70m250,2,0,1,1,0,1,25,NA,2,NA,NA,NA,NA,NA,NA,NA,NA,NA,NA,NA,1,5,4,4,5,4,5,5,5,5,5,2,0,2,4,NA,NA,NA,NA,NA,NA,NA,NA,NA,3,1,1,1,1,1,0,NA,1,1,5,5,5,5,5,5,5,5,5,5,5,5,5,5,5,5,5,5,5,5,5,5,5,5,1,3,1,1,1,0,0,0,0,0,0,0,0,0,0,0,0,0,0,0,0,0,0,0,0,0,0,0,0,4,3,4,3,2,2,2,2,2,2,2,2,2
r_2awsgi6cs6mg0bp,0,1,50r381,0,1,0,0,1,2,37,NA,4,1,NA,NA,1,1,3,NA,NA,2,NA,2,3,4,3,4,4,4,3,4,2,2,4,2,0.5,2,3,5,NA,1,NA,1,1,NA,NA,NA,4,1,1,1,NA,1,NA,1,1,NA,3,4,4,4,4,4,4,4,4,4,4,4,4,4,4,4,4,4,3,4,4,4,3,3,2,3,1,2,1,1,1,1,NA,NA,1,1,1,1,1,1,1,1,1,1,NA,1,1,1,1,1,1,1,NA,3,2,2,3,4,4,4,4,2,2,4,2,2
r_2uvvwereej3bkyo,1,1,50r458,0,0,1,0,1,2,39,NA,4,1,1,1,1,1,3,1,1,1,1,1,2,5,3,3,5,4,4,3,4,4,4,2,1,2,4,NA,0,1,0,0,0,0,0,13,5,1,1,1,1,1,0,0,1,0,2,5,2,4,4,4,4,3,4,3,2,4,4,4,3,5,3,3,2,4,1,3,3,1,2,1,2,5,5,0,0,0,0,0,0,0,0,0,0,0,0,0,0,0,0,0,0,0,0,0,0,0,0,3,1,3,5,5,5,5,5,5,3,5,5,5
r_82eofqebcijkdfp,1,1,70a012,1,1,0,0,0,2,38,NA,2,0,0,0,0,0,1,1,1,1,1,1,4,5,3,3,3,3,4,5,4,4,3,2,6,1,4,NA,1,NA,NA,NA,NA,NA,1,NA,6,1,1,1,1,1,NA,1,1,NA,4,2,3,4,3,5,4,3,2,3,4,4,4,4,5,5,3,3,3,3,5,3,4,3,4,5,3,3,3,0,0,0,0,0,0,0,0,0,0,0,0,0,0,0,0,0,0,0,0,0,0,0,0,2,1,4,3,5,5,5,5,4,4,4,5,5
r_82eofqebcijkdfp,1,1,70a012,1,1,0,0,0,2,38,NA,2,0,0,0,0,0,1,1,1,1,1,1,4,5,3,3,3,3,4,5,4,4,3,2,6,1,4,NA,1,NA,NA,NA,NA,NA,1,NA,6,1,1,1,1,1,NA,1,1,NA,4,2,3,4,3,5,4,3,2,3,4,4,4,4,5,5,3,3,3,3,5,3,4,3,4,5,3,3,3,0,0,0,0,0,0,0,0,0,0,0,0,0,0,0,0,0,0,0,0,0,0,0,0,2,1,4,3,5,5,5,5,4,4,4,5,5
r_2racffolq1q0eoq,0,1,50r399,1,1,1,1,0,2,58,NA,3,1,1,1,1,0,1,1,1,1,1,NA,4,1,4,4,4,1,4,4,1,1,1,2,6,2,3,2,0,1,1,1,0,0,1,NA,4,1,1,1,1,1,0,1,1,1,5,4,5,5,5,5,5,5,4,5,5,5,5,5,5,5,5,5,5,5,5,5,4,5,2,5,2,1,1,0,0,0,0,0,0,0,0,0,0,0,0,0,0,0,0,0,0,0,0,0,0,0,0,3,2,3,2,4,4,2,2,1,3,4,2,4
r_3nwgdmhvxqylkv8,0,1,70a200,3,0,1,0,0,1,33,NA,4,0,1,1,0,0,1,1,1,1,1,NA,2,4,3,3,4,4,4,5,5,5,5,2,1,2,3,5,1,0,1,1,0,0,0,12.5,5,1,1,1,1,1,0,1,1,1,5,5,5,5,5,4,4,4,5,5,4,4,4,4,4,5,5,5,4,4,4,5,3,4,2,3,2,2,2,0,0,0,0,0,0,0,0,0,0,0,0,0,0,0,0,0,0,0,0,0,0,0,0,5,2,4,3,3,4,3,4,2,2,4,2,2
r_x3jt0zewvxrzgr7,0,1,70m091,1,0,1,2,1,2,28,NA,1,NA,NA,NA,NA,NA,NA,NA,NA,NA,NA,NA,1,4,4,4,4,4,4,3,3,3,4,2,1,2,3,5,NA,NA,NA,NA,NA,NA,NA,8,3,1,1,1,1,1,0,1,1,NA,4,4,4,5,0,5,5,0,4,4,5,5,5,5,4,4,4,3,4,4,4,4,4,4,2,4,4,3,3,0,0,0,0,0,0,0,0,0,0,0,0,0,0,0,0,0,0,0,0,0,0,0,0,3,1,2,3,3,4,5,3,4,4,4,4,4
r_3pwcgrw1aanyac5,1,1,50r298,0,1,0,0,0,2,60,NA,2,NA,NA,NA,NA,NA,NA,NA,NA,NA,NA,3,4,4,3,4,4,4,4,4,5,4,5,2,2,2,NA,3,1,NA,NA,NA,NA,NA,NA,13,3,1,1,1,1,1,0,1,0,1,3,4,4,5,3,5,4,3,4,5,3,5,5,4,4,4,4,4,3,5,5,5,4,4,2,4,3,2,2,0,0,0,0,0,0,0,0,0,0,0,0,0,0,0,0,0,0,0,0,0,0,0,0,3,1,4,3,4,3,4,5,3,4,4,4,4
r_qzrh3pkqyfeuav3,0,1,50r014,1,0,0,0,0,2,44,NA,4,0,0,0,0,0,1,1,1,1,1,NA,4,3,3,3,3,3,3,4,4,4,4,1,21,1,4,NA,0,0,0,0,0,0,1,31,6,1,1,1,1,1,0,1,0,0,0,3,3,3,0,2,3,0,0,3,2,2,1,0,5,5,5,5,5,5,5,5,5,5,5,5,5,3,3,1,1,NA,NA,NA,NA,NA,1,1,NA,NA,NA,NA,NA,NA,NA,NA,NA,NA,NA,NA,NA,1,NA,2,1,1,5,5,5,5,5,5,5,5,5,5
r_1dkozffvxwah1vm,1,1,70a030,2,0,1,0,0,1,36,NA,1,NA,NA,NA,NA,NA,1,1,1,1,1,1,2,5,5,5,5,5,4,3,4,4,4,2,0,2,NA,3,0,0,0,0,0,0,0,7,3,1,1,1,1,1,0,1,1,1,4,4,4,3,3,4,4,3,4,4,4,4,4,3,4,3,3,4,4,3,3,3,3,3,2,3,3,2,2,0,0,0,0,0,0,0,0,0,0,0,0,0,0,0,0,0,0,0,0,0,0,0,0,3,3,4,3,3,4,4,3,3,2,2,2,2
r_rdyclfiejecbkyv,0,1,50m133,3,1,1,1,0,2,51,NA,2,NA,NA,NA,1,1,1,1,1,1,1,NA,4,4,2,2,2,2,2,2,4,4,5,2,5,1,4,NA,0,0,0,1,0,0,NA,5,4,1,1,1,1,1,0,0,0,0,4,4,4,4,4,4,4,0,4,4,4,4,4,4,5,5,5,4,4,5,5,4,4,5,2,5,5,2,2,0,0,0,0,0,0,0,0,0,0,0,0,0,0,0,0,0,0,0,0,0,0,0,0,3,1,1,4,4,3,4,2,4,3,4,3,3
r_v1zle3okrjjeo9j,1,1,50m109,1,1,1,0,0,2,62,NA,4,1,1,1,1,1,1,3,NA,2,NA,3,4,5,4,4,4,5,5,5,5,5,5,2,NA,1,4,NA,1,1,NA,NA,NA,NA,NA,10,6,1,1,1,1,1,0,1,1,0,5,5,5,5,5,5,5,4,5,5,5,5,4,5,5,5,5,5,5,5,5,5,5,5,2,4,2,1,1,0,0,0,0,0,0,0,0,0,0,0,0,0,0,0,0,0,0,0,0,0,0,0,0,5,4,5,3,4,3,3,2,2,1,3,2,1
r_v1zle3okrjjeo9j,0,1,50m109,1,1,1,0,0,2,62,NA,4,1,1,1,1,1,1,3,NA,2,NA,3,4,5,4,4,4,5,5,5,5,5,5,2,NA,1,4,NA,1,1,NA,NA,NA,NA,NA,10,6,1,1,1,1,1,0,1,1,0,5,5,5,5,5,5,5,4,5,5,5,5,4,5,5,5,5,5,5,5,5,5,5,5,2,4,2,1,1,0,0,0,0,0,0,0,0,0,0,0,0,0,0,0,0,0,0,0,0,0,0,0,0,5,4,5,3,4,3,3,2,2,1,3,2,1
r_1c9fhte6qfhwapc,0,1,70a246,3,0,1,0,1,2,44,NA,2,NA,NA,NA,NA,NA,NA,NA,NA,2,2,3,4,4,4,4,4,4,4,3,4,4,5,2,4,2,3,5,0,1,0,0,0,0,0,NA,4,1,1,1,1,1,0,1,1,0,5,5,5,5,5,4,4,5,4,4,5,5,5,5,5,4,5,5,5,5,5,4,4,4,1,4,2,1,1,0,0,0,0,0,0,0,0,0,0,0,0,0,0,0,0,0,0,0,0,0,0,0,0,3,2,4,2,2,3,2,2,2,2,4,2,3
r_2phftdopkkyv5cm,1,1,70m035,3,1,1,0,0,2,30,NA,1,NA,NA,NA,NA,NA,1,1,1,1,1,NA,4,4,4,4,4,4,4,4,4,4,4,2,3,1,4,NA,0,0,0,0,0,0,NA,12,3,0,0,1,0,1,0,0,0,0,4,4,4,4,4,4,4,4,4,4,4,4,4,4,4,4,4,4,4,4,4,4,4,4,2,2,2,2,2,0,0,0,0,0,0,0,0,0,0,0,0,0,0,0,0,0,0,0,0,0,0,0,0,3,1,4,2,3,3,4,3,3,3,2,2,4
r_rlyf7ghjascqjyb,0,1,70a338,3,0,0,1,0,2,46,NA,4,1,1,1,1,1,1,1,1,1,1,NA,1,5,5,5,5,5,4,4,5,4,5,2,1,1,4,NA,0,0,0,1,0,0,1,6,4,1,1,1,1,1,0,1,1,1,5,4,5,5,5,5,5,5,4,5,5,5,5,5,5,5,5,5,5,5,3,5,5,5,1,4,4,1,1,1,1,NA,1,NA,1,NA,NA,NA,NA,NA,NA,NA,NA,NA,NA,NA,NA,NA,NA,NA,NA,NA,1,3,3,4,3,3,3,4,3,4,2,3,4,3
r_2wallcqxcxcryks,0,1,50a074,1,0,1,0,0,1,52,NA,2,NA,NA,NA,NA,NA,3,NA,NA,3,NA,3,4,4,3,3,4,4,5,5,5,5,5,1,21,1,4,NA,1,1,0,0,1,0,0,35,4,1,1,1,1,NA,NA,NA,NA,0,4,4,4,4,4,4,4,4,4,5,5,5,5,4,5,4,4,5,4,5,5,5,5,5,1,5,4,1,1,0,0,0,0,0,0,0,0,0,0,0,0,0,0,0,0,0,0,0,0,0,0,0,0,4,2,4,3,4,3,4,3,4,3,3,4,3
r_3nuxugme0ltpmlh,1,1,70a070,3,0,1,0,0,1,66,NA,3,0,0,0,0,0,3,1,1,1,1,1,4,5,3,3,3,3,3,4,3,4,5,2,2,2,3,1,0,0,0,0,0,0,1,11,4,1,1,1,1,1,0,1,1,NA,5,5,4,4,5,4,4,4,4,4,5,4,5,4,5,5,5,5,5,5,2,4,4,5,3,3,3,1,5,0,0,0,0,0,0,0,0,0,0,0,0,0,0,0,0,0,0,0,0,0,0,0,0,4,2,4,3,4,4,4,4,2,4,4,3,2
r_1iavkfbhuvixi9h,0,1,50r457,3,1,1,1,0,1,29,NA,3,0,0,0,0,1,3,1,1,1,1,1,4,1,3,3,4,4,4,5,5,5,5,2,5,1,NA,1,0,0,0,0,0,0,0,11,4,1,0,1,1,1,0,1,0,0,5,4,5,5,5,5,5,5,5,5,5,5,5,5,5,5,5,5,5,5,5,5,4,4,2,5,4,1,1,1,1,1,NA,NA,NA,NA,NA,NA,NA,1,NA,NA,NA,NA,NA,NA,NA,NA,NA,NA,NA,NA,NA,4,2,4,4,4,3,5,5,4,3,5,3,3
r_aeribe7avijbvgv,1,1,50r349,3,1,0,0,0,2,62,NA,4,1,1,0,0,0,1,3,1,1,1,1,2,4,3,4,4,4,3,4,4,4,4,2,1,1,4,NA,0,0,0,0,1,0,1,19,4,1,1,1,1,1,0,1,0,0,5,5,4,5,5,5,5,5,4,4,5,5,4,5,5,5,5,5,5,5,5,5,5,5,3,4,4,2,2,0,0,0,0,0,0,0,0,0,0,0,0,0,0,0,0,0,0,0,0,0,0,0,0,4,1,4,3,2,3,4,3,4,4,3,3,4
r_3pykwijr2vpf3hn,1,1,50r115,1,0,1,0,1,1,64,NA,7,1,1,1,0,0,1,1,1,1,1,2,3,4,4,4,4,4,4,4,3,3,4,2,2,2,4,NA,0,0,0,0,1,0,0,15,3,1,1,1,1,1,0,0,0,0,4,3,3,4,2,4,4,2,2,2,3,5,5,2,4,2,3,3,3,4,4,2,3,3,4,4,4,2,3,0,0,0,0,0,0,0,0,0,0,0,0,0,0,0,0,0,0,0,0,0,0,0,0,4,1,2,4,4,5,4,4,4,3,4,4,3
r_1l3vrgurls7rcsj,0,1,50r479,0,0,1,0,0,1,49,NA,5,0,0,0,NA,NA,1,1,1,1,2,3,2,4,4,4,4,4,4,4,4,4,4,1,1,1,4,NA,1,0,0,0,0,1,NA,30,2,0,0,0,0,0,0,0,0,0,4,4,4,4,4,4,4,4,4,4,4,4,4,4,4,4,4,4,4,4,4,4,4,4,3,4,4,3,1,0,0,0,0,0,0,0,0,0,0,0,0,0,0,0,0,0,0,0,0,0,0,0,0,4,3,4,4,4,4,4,5,4,3,3,4,3
r_3r01xb566x367cv,0,1,70a097,2,0,1,0,0,2,62,NA,2,NA,NA,NA,NA,NA,1,1,1,2,2,NA,4,4,4,4,4,4,2,2,4,4,4,2,21,2,NA,5,0,1,0,0,0,0,1,42,5,1,1,1,1,1,0,1,0,1,5,5,5,4,5,5,4,4,4,5,5,5,5,4,4,4,4,4,4,4,4,4,4,4,1,2,4,4,1,0,0,0,0,0,0,0,0,0,0,0,0,0,0,0,0,0,0,0,0,0,0,0,0,3,3,4,4,2,2,4,2,2,2,4,2,4
r_rkxfpuwzrvurimn,0,1,50a214,1,1,1,0,0,2,54,NA,1,0,0,0,0,0,1,1,1,1,1,1,2,4,3,3,3,3,4,4,4,4,4,2,2,1,4,NA,0,0,0,0,0,0,0,19,3,1,1,1,1,1,0,1,1,1,5,4,5,5,5,5,5,5,4,5,4,4,4,4,4,5,5,5,4,4,3,4,4,4,2,4,4,2,2,0,0,0,0,0,0,0,0,0,0,0,0,0,0,0,0,0,0,0,0,0,0,0,0,2,2,4,3,4,4,3,4,3,3,4,4,4
r_puakv9erdddb3jp,0,1,50r409,1,1,1,1,0,2,50,NA,1,0,NA,NA,NA,NA,1,NA,NA,NA,NA,NA,4,1,1,1,1,1,1,4,4,4,5,2,2017,2,4,NA,1,NA,NA,NA,NA,NA,NA,NA,3,1,1,1,1,1,0,1,1,NA,5,5,5,5,5,5,5,5,5,5,4,5,4,5,4,5,4,5,4,4,4,4,4,4,1,4,3,2,1,1,1,NA,1,NA,NA,1,1,NA,NA,1,NA,1,NA,NA,NA,1,1,1,NA,NA,1,NA,NA,3,2,4,2,3,2,2,2,2,2,3,2,2
r_120ffngagv0y8bn,0,1,70a322,0,0,1,2,1,2,44,NA,4,1,1,1,0,0,1,1,1,1,1,2,4,4,4,2,4,2,2,2,1,4,5,2,7.5,1,4,NA,0,1,0,0,0,0,0,9.5,3,1,1,1,1,1,0,0,0,0,4,2,4,4,5,5,5,5,1,4,2,5,4,5,4,4,4,4,2,4,5,4,4,2,2,1,4,2,4,1,NA,NA,NA,1,1,1,NA,NA,NA,NA,NA,NA,NA,1,NA,NA,NA,NA,NA,NA,NA,NA,NA,5,3,4,2,2,5,5,2,5,5,5,4,5
r_1cdtr27rxkpxttl,1,1,50r391,0,1,1,2,1,2,44,NA,4,1,1,1,0,0,1,1,1,1,1,2,4,2,2,4,2,4,2,2,2,4,4,2,7,2,4,NA,0,1,0,0,0,0,1,10,3,1,1,1,1,1,0,0,1,0,2,2,4,4,5,5,5,5,1,4,2,5,5,4,4,4,4,4,2,4,4,2,4,2,2,4,4,4,4,0,0,0,0,0,0,0,0,0,0,0,0,0,0,0,0,0,0,0,0,0,0,0,0,5,2,5,4,4,4,4,4,4,5,5,4,5
r_1cdtr27rxkpxttl,0,1,50r391,0,1,1,2,1,2,44,NA,4,1,1,1,0,0,1,1,1,1,1,2,4,2,2,4,2,4,2,2,2,4,4,2,7,2,4,NA,0,1,0,0,0,0,1,10,3,1,1,1,1,1,0,0,1,0,2,2,4,4,5,5,5,5,1,4,2,5,5,4,4,4,4,4,2,4,4,2,4,2,2,4,4,4,4,0,0,0,0,0,0,0,0,0,0,0,0,0,0,0,0,0,0,0,0,0,0,0,0,5,2,5,4,4,4,4,4,4,5,5,4,5
r_cgg01i7nl3tvklz,0,1,70a333,2,0,1,0,0,2,57,NA,3,0,0,0,0,0,1,1,1,1,1,NA,4,4,2,2,2,2,2,4,4,4,4,2,3,2,NA,5,1,1,0,0,0,0,NA,25,4,1,1,1,1,1,0,0,1,0,3,2,4,5,5,4,5,5,3,5,4,5,3,5,5,4,5,5,3,4,3,3,3,4,4,2,3,4,4,1,1,1,1,NA,NA,NA,NA,NA,1,1,NA,NA,NA,1,NA,NA,NA,1,1,NA,NA,1,NA,3,1,4,3,4,4,5,5,4,4,4,4,4
r_2bhq2y84oljfk0y,0,1,50r270,2,1,1,0,0,2,50,NA,3,0,0,0,0,0,NA,NA,NA,NA,NA,3,4,4,4,4,4,4,4,5,4,4,4,2,1,2,NA,2,0,1,0,0,0,0,0,9,4,1,1,1,1,1,0,1,1,1,5,4,3,5,4,4,4,5,4,5,4,4,4,4,4,5,NA,4,4,4,4,4,4,4,2,4,4,2,2,0,0,0,0,0,0,0,0,0,0,0,0,0,0,0,0,0,0,0,0,0,0,0,0,4,2,3,4,4,4,3,3,3,3,4,3,3
r_2wahhgkaxoeow78,0,1,50r415,2,1,1,0,0,2,38,NA,1,NA,NA,NA,NA,NA,NA,NA,NA,2,NA,NA,2,5,2,5,5,5,4,5,5,5,5,2,1,1,3,5,0,1,0,1,1,NA,NA,20,3,1,1,1,0,1,0,1,1,0,5,2,5,5,4,5,5,5,2,5,4,5,5,5,4,5,4,5,4,4,5,4,4,4,3,4,2,3,3,0,0,0,0,0,0,0,0,0,0,0,0,0,0,0,0,0,0,0,0,0,0,0,0,4,1,3,4,4,4,4,1,4,1,4,3,3
r_29cra2nnpetukru,1,1,50r392,1,0,1,0,0,1,26,NA,2,1,1,1,1,1,1,1,1,3,1,1,4,5,4,4,4,4,5,5,5,4,3,2,4,1,4,NA,0,1,0,0,0,0,1,10,3,0,0,1,1,1,0,0,0,0,5,4,5,5,5,5,5,5,4,5,5,5,5,5,5,5,5,5,5,5,5,5,5,5,1,5,5,1,1,0,0,0,0,0,0,0,0,0,0,0,0,0,0,0,0,0,0,0,0,0,0,0,0,2,2,3,4,4,5,4,3,4,2,2,3,4
r_2vpyapqhvtjbueu,0,1,70m255,2,0,1,0,0,2,42,NA,4,0,0,0,0,0,1,1,1,2,2,3,4,3,3,3,3,3,4,5,5,4,5,2,3,2,4,NA,0,1,0,0,0,0,NA,NA,4,1,1,1,1,1,0,1,1,1,5,5,5,4,5,4,4,5,5,5,5,5,4,4,5,5,5,4,5,4,5,4,3,5,2,4,4,1,1,1,1,1,1,NA,NA,NA,1,NA,1,NA,NA,NA,NA,1,NA,1,NA,NA,NA,NA,1,1,NA,3,2,2,2,2,2,5,4,4,4,5,4,2
